url,name
https://github.com/zxing/zxing.git,zxing/zxing
https://github.com/topjohnwu/Magisk.git,topjohnwu/Magisk
https://github.com/jitsi/jitsi-meet.git,jitsi/jitsi-meet
https://github.com/TeamNewPipe/NewPipe.git,TeamNewPipe/NewPipe
https://github.com/tachiyomiorg/tachiyomi.git,tachiyomiorg/tachiyomi
https://github.com/xbmc/xbmc.git,xbmc/xbmc
https://github.com/Anuken/Mindustry.git,Anuken/Mindustry
https://github.com/android-hacker/VirtualXposed.git,android-hacker/VirtualXposed
https://github.com/pockethub/PocketHub.git,pockethub/PocketHub
https://github.com/termux/termux-app.git,termux/termux-app
https://github.com/koreader/koreader.git,koreader/koreader
https://github.com/dolphin-emu/dolphin.git,dolphin-emu/dolphin
https://github.com/hrydgard/ppsspp.git,hrydgard/ppsspp
https://github.com/minetest/minetest.git,minetest/minetest
https://github.com/k9mail/k-9.git,k9mail/k-9
https://github.com/samuelclay/NewsBlur.git,samuelclay/NewsBlur
https://github.com/FreeRDP/FreeRDP.git,FreeRDP/FreeRDP
https://github.com/mozilla-mobile/fenix.git,mozilla-mobile/fenix
https://github.com/lesspass/lesspass.git,lesspass/lesspass
https://github.com/iSoron/uhabits.git,iSoron/uhabits
https://github.com/muzei/muzei.git,muzei/muzei
https://github.com/ankidroid/Anki-Android.git,ankidroid/Anki-Android
https://github.com/tutao/tutanota.git,tutao/tutanota
https://github.com/ThirtyDegreesRay/OpenHub.git,ThirtyDegreesRay/OpenHub
https://github.com/badaix/snapcast.git,badaix/snapcast
https://github.com/iNPUTmice/Conversations.git,iNPUTmice/Conversations
https://github.com/AntennaPod/AntennaPod.git,AntennaPod/AntennaPod
https://github.com/TeamAmaze/AmazeFileManager.git,TeamAmaze/AmazeFileManager
https://github.com/M66B/NetGuard.git,M66B/NetGuard
https://github.com/moezbhatti/qksms.git,moezbhatti/qksms
https://github.com/AdAway/AdAway.git,AdAway/AdAway
https://github.com/supertuxkart/stk-code.git,supertuxkart/stk-code
https://github.com/status-im/status-react.git,status-im/status-react
https://github.com/andOTP/andOTP.git,andOTP/andOTP
https://github.com/owncloud/android.git,owncloud/android
https://github.com/osmandapp/OsmAnd.git,osmandapp/OsmAnd
https://github.com/jackpal/Android-Terminal-Emulator.git,jackpal/Android-Terminal-Emulator
https://github.com/organicmaps/organicmaps.git,organicmaps/organicmaps
https://github.com/SimpleMobileTools/Simple-Calendar.git,SimpleMobileTools/Simple-Calendar
https://github.com/bitcoin-wallet/bitcoin-wallet.git,bitcoin-wallet/bitcoin-wallet
https://github.com/kabouzeid/Phonograph.git,kabouzeid/Phonograph
https://github.com/ikarus23/MifareClassicTool.git,ikarus23/MifareClassicTool
https://github.com/nextcloud/android.git,nextcloud/android
https://github.com/yairm210/Unciv.git,yairm210/Unciv
https://github.com/OGRECave/ogre.git,OGRECave/ogre
https://github.com/SagerNet/SagerNet.git,SagerNet/SagerNet
https://github.com/TwidereProject/Twidere-Android.git,TwidereProject/Twidere-Android
https://github.com/beemdevelopment/Aegis.git,beemdevelopment/Aegis
https://github.com/M66B/FairEmail.git,M66B/FairEmail
https://github.com/streetcomplete/StreetComplete.git,streetcomplete/StreetComplete
https://github.com/federicoiosue/Omni-Notes.git,federicoiosue/Omni-Notes
https://github.com/blokadaorg/blokada.git,blokadaorg/blokada
https://github.com/schwabe/ics-openvpn.git,schwabe/ics-openvpn
https://github.com/fossasia/susi_android.git,fossasia/susi_android
https://github.com/osmdroid/osmdroid.git,osmdroid/osmdroid
https://github.com/helio-fm/helio-workstation.git,helio-fm/helio-workstation
https://github.com/timusus/Shuttle.git,timusus/Shuttle
https://github.com/hidroh/materialistic.git,hidroh/materialistic
https://github.com/CypherpunkArmory/UserLAnd.git,CypherpunkArmory/UserLAnd
https://github.com/duckduckgo/Android.git,duckduckgo/Android
https://github.com/subsurface/subsurface.git,subsurface/subsurface
https://github.com/SimpleMobileTools/Simple-Gallery.git,SimpleMobileTools/Simple-Gallery
https://github.com/orgzly/orgzly-android.git,orgzly/orgzly-android
https://github.com/ukanth/afwall.git,ukanth/afwall
https://github.com/JakeWharton/SdkSearch.git,JakeWharton/SdkSearch
https://github.com/Neamar/KISS.git,Neamar/KISS
https://github.com/fossasia/pslab-android.git,fossasia/pslab-android
https://github.com/AnySoftKeyboard/AnySoftKeyboard.git,AnySoftKeyboard/AnySoftKeyboard
https://github.com/android-password-store/Android-Password-Store.git,android-password-store/Android-Password-Store
https://github.com/florisboard/florisboard.git,florisboard/florisboard
https://github.com/fossasia/open-event-attendee-android.git,fossasia/open-event-attendee-android
https://github.com/Kunzisoft/KeePassDX.git,Kunzisoft/KeePassDX
https://github.com/tasks/tasks.git,tasks/tasks
https://github.com/anthonycr/Lightning-Browser.git,anthonycr/Lightning-Browser
https://github.com/mullvad/mullvadvpn-app.git,mullvad/mullvadvpn-app
https://github.com/julian-klode/dns66.git,julian-klode/dns66
https://github.com/syncthing/syncthing-android.git,syncthing/syncthing-android
https://github.com/connectbot/connectbot.git,connectbot/connectbot
https://github.com/fossasia/open-event-organizer-android.git,fossasia/open-event-organizer-android
https://github.com/gsantner/markor.git,gsantner/markor
https://github.com/fossasia/badge-magic-android.git,fossasia/badge-magic-android
https://github.com/fossasia/neurolab-android.git,fossasia/neurolab-android
https://github.com/jberkel/sms-backup-plus.git,jberkel/sms-backup-plus
https://github.com/Shabinder/SpotiFlyer.git,Shabinder/SpotiFlyer
https://github.com/open-keychain/open-keychain.git,open-keychain/open-keychain
https://github.com/scummvm/scummvm.git,scummvm/scummvm
https://github.com/ccrama/Slide.git,ccrama/Slide
https://github.com/PaulWoitaschek/Voice.git,PaulWoitaschek/Voice
https://github.com/zhanghai/MaterialFiles.git,zhanghai/MaterialFiles
https://github.com/wikimedia/apps-android-wikipedia.git,wikimedia/apps-android-wikipedia
https://github.com/vector-im/element-android.git,vector-im/element-android
https://github.com/00-Evan/shattered-pixel-dungeon.git,00-Evan/shattered-pixel-dungeon
https://github.com/mendhak/gpslogger.git,mendhak/gpslogger
https://github.com/MusicPlayerDaemon/MPD.git,MusicPlayerDaemon/MPD
https://github.com/VREMSoftwareDevelopment/WiFiAnalyzer.git,VREMSoftwareDevelopment/WiFiAnalyzer
https://github.com/Mygod/VPNHotspot.git,Mygod/VPNHotspot
https://github.com/M66B/XPrivacyLua.git,M66B/XPrivacyLua
https://github.com/BOINC/boinc.git,BOINC/boinc
https://github.com/moonlight-stream/moonlight-android.git,moonlight-stream/moonlight-android
https://github.com/j4velin/Pedometer.git,j4velin/Pedometer
https://github.com/Telegram-FOSS-Team/Telegram-FOSS.git,Telegram-FOSS-Team/Telegram-FOSS
https://github.com/RetroShare/RetroShare.git,RetroShare/RetroShare
https://github.com/bpellin/keepassdroid.git,bpellin/keepassdroid
https://github.com/osfans/trime.git,osfans/trime
https://github.com/QuantumBadger/RedReader.git,QuantumBadger/RedReader
https://github.com/strongswan/strongswan.git,strongswan/strongswan
https://github.com/slapperwan/gh4a.git,slapperwan/gh4a
https://github.com/RocketChat/Rocket.Chat.ReactNative.git,RocketChat/Rocket.Chat.ReactNative
https://github.com/klausw/hackerskeyboard.git,klausw/hackerskeyboard
https://github.com/dslul/openboard.git,dslul/openboard
https://github.com/Etar-Group/Etar-Calendar.git,Etar-Group/Etar-Calendar
https://github.com/project-travel-mate/Travel-Mate.git,project-travel-mate/Travel-Mate
https://github.com/tuskyapp/Tusky.git,tuskyapp/Tusky
https://github.com/Sangwan5688/BlackHole.git,Sangwan5688/BlackHole
https://github.com/BlueWallet/BlueWallet.git,BlueWallet/BlueWallet
https://github.com/limboemu/limbo.git,limboemu/limbo
https://github.com/SkyTubeTeam/SkyTube.git,SkyTubeTeam/SkyTube
https://github.com/Docile-Alligator/Infinity-For-Reddit.git,Docile-Alligator/Infinity-For-Reddit
https://github.com/kubenav/kubenav.git,kubenav/kubenav
https://github.com/Aefyr/SAI.git,Aefyr/SAI
https://github.com/OpenLauncherTeam/openlauncher.git,OpenLauncherTeam/openlauncher
https://github.com/stealthcopter/AndroidNetworkTools.git,stealthcopter/AndroidNetworkTools
https://github.com/reicast/reicast-emulator.git,reicast/reicast-emulator
https://github.com/NekoX-Dev/NekoX.git,NekoX-Dev/NekoX
https://github.com/invoiceninja/admin-portal.git,invoiceninja/admin-portal
https://github.com/erickok/transdroid.git,erickok/transdroid
https://github.com/AntonioRedondo/AnotherMonitor.git,AntonioRedondo/AnotherMonitor
https://github.com/allgood/OpenNoteScanner.git,allgood/OpenNoteScanner
https://github.com/nikita36078/J2ME-Loader.git,nikita36078/J2ME-Loader
https://github.com/MuntashirAkon/AppManager.git,MuntashirAkon/AppManager
https://github.com/home-assistant/android.git,home-assistant/android
https://github.com/espeak-ng/espeak-ng.git,espeak-ng/espeak-ng
https://github.com/iitc-project/ingress-intel-total-conversion.git,iitc-project/ingress-intel-total-conversion
https://github.com/PeterCxy/Shelter.git,PeterCxy/Shelter
https://github.com/oliexdev/openScale.git,oliexdev/openScale
https://github.com/authpass/authpass.git,authpass/authpass
https://github.com/uberspot/2048-android.git,uberspot/2048-android
https://github.com/google/mozc.git,google/mozc
https://github.com/the3deers/android-3D-model-viewer.git,the3deers/android-3D-model-viewer
https://github.com/w84death/Tanks-of-Freedom.git,w84death/Tanks-of-Freedom
https://github.com/fAndreuzzi/TUI-ConsoleLauncher.git,fAndreuzzi/TUI-ConsoleLauncher
https://github.com/RHVoice/RHVoice.git,RHVoice/RHVoice
https://github.com/FredJul/Flym.git,FredJul/Flym
https://github.com/git-touch/git-touch.git,git-touch/git-touch
https://github.com/emmaguy/clean-status-bar.git,emmaguy/clean-status-bar
https://github.com/barbeau/gpstest.git,barbeau/gpstest
https://github.com/freeotp/freeotp-android.git,freeotp/freeotp-android
https://github.com/listen1/listen1_mobile.git,listen1/listen1_mobile
https://github.com/vanilla-music/vanilla.git,vanilla-music/vanilla
https://github.com/dmfs/opentasks.git,dmfs/opentasks
https://github.com/machiav3lli/oandbackupx.git,machiav3lli/oandbackupx
https://github.com/WangDaYeeeeee/GeometricWeather.git,WangDaYeeeeee/GeometricWeather
https://github.com/robinpaulson/SimpleRT.git,robinpaulson/SimpleRT
https://github.com/enricocid/Music-Player-GO.git,enricocid/Music-Player-GO
https://github.com/meefik/busybox.git,meefik/busybox
https://github.com/dkrivoruchko/ScreenStream.git,dkrivoruchko/ScreenStream
https://github.com/senzhk/ADBKeyBoard.git,senzhk/ADBKeyBoard
https://github.com/chandevel/Clover.git,chandevel/Clover
https://github.com/deltachat/deltachat-android.git,deltachat/deltachat-android
https://github.com/SimpleMobileTools/Simple-File-Manager.git,SimpleMobileTools/Simple-File-Manager
https://github.com/AChep/AcDisplay.git,AChep/AcDisplay
https://github.com/rosuH/EasyWatermark.git,rosuH/EasyWatermark
https://github.com/renard314/textfairy.git,renard314/textfairy
https://github.com/grote/Transportr.git,grote/Transportr
https://github.com/xbrowsersync/app.git,xbrowsersync/app
https://github.com/standardnotes/mobile.git,standardnotes/mobile
https://github.com/commons-app/apps-android-commons.git,commons-app/apps-android-commons
https://github.com/foobnix/LibreraReader.git,foobnix/LibreraReader
https://github.com/mpv-android/mpv-android.git,mpv-android/mpv-android
https://github.com/Swati4star/Images-to-PDF.git,Swati4star/Images-to-PDF
https://github.com/SimpleMobileTools/Simple-Music-Player.git,SimpleMobileTools/Simple-Music-Player
https://github.com/fr3ts0n/AndrOBD.git,fr3ts0n/AndrOBD
https://github.com/WangDaYeeeeee/Mysplash.git,WangDaYeeeeee/Mysplash
https://github.com/martykan/forecastie.git,martykan/forecastie
https://github.com/ProtonVPN/android-app.git,ProtonVPN/android-app
https://github.com/termux/termux-api.git,termux/termux-api
https://github.com/scoute-dich/browser.git,scoute-dich/browser
https://github.com/microg/UnifiedNlp.git,microg/UnifiedNlp
https://github.com/Dar9586/NClientV2.git,Dar9586/NClientV2
https://github.com/x0b/rcx.git,x0b/rcx
https://github.com/EasyRPG/Player.git,EasyRPG/Player
https://github.com/AllanWang/Frost-for-Facebook.git,AllanWang/Frost-for-Facebook
https://github.com/ligi/SurvivalManual.git,ligi/SurvivalManual
https://github.com/OmGodse/Notally.git,OmGodse/Notally
https://github.com/stefan-niedermann/nextcloud-notes.git,stefan-niedermann/nextcloud-notes
https://github.com/openfoodfacts/openfoodfacts-androidapp.git,openfoodfacts/openfoodfacts-androidapp
https://github.com/bernaferrari/ChangeDetection.git,bernaferrari/ChangeDetection
https://github.com/seemoo-lab/AirGuard.git,seemoo-lab/AirGuard
https://github.com/ppareit/swiftp.git,ppareit/swiftp
https://github.com/abarisain/dmix.git,abarisain/dmix
https://github.com/OxfordHCC/tracker-control-android.git,OxfordHCC/tracker-control-android
https://github.com/jonasoreland/runnerup.git,jonasoreland/runnerup
https://github.com/markusfisch/ShaderEditor.git,markusfisch/ShaderEditor
https://github.com/ligi/PassAndroid.git,ligi/PassAndroid
https://github.com/SimpleMobileTools/Simple-Camera.git,SimpleMobileTools/Simple-Camera
https://github.com/kontalk/androidclient.git,kontalk/androidclient
https://github.com/adrcotfas/Goodtime.git,adrcotfas/Goodtime
https://github.com/deadlyjack/Acode.git,deadlyjack/Acode
https://github.com/nextcloud/news-android.git,nextcloud/news-android
https://github.com/maks/MGit.git,maks/MGit
https://github.com/renyuneyun/Easer.git,renyuneyun/Easer
https://github.com/sky-map-team/stardroid.git,sky-map-team/stardroid
https://github.com/simple-last-fm-scrobbler/sls.git,simple-last-fm-scrobbler/sls
https://github.com/LibreShift/red-moon.git,LibreShift/red-moon
https://github.com/traccar/traccar-client-android.git,traccar/traccar-client-android
https://github.com/BillDietrich/fake_contacts.git,BillDietrich/fake_contacts
https://github.com/walleth/walleth.git,walleth/walleth
https://github.com/MatteCarra/AccA.git,MatteCarra/AccA
https://github.com/openhab/openhab-android.git,openhab/openhab-android
https://github.com/persian-calendar/DroidPersianCalendar.git,persian-calendar/DroidPersianCalendar
https://github.com/rkkr/simple-keyboard.git,rkkr/simple-keyboard
https://github.com/yaxim-org/yaxim.git,yaxim-org/yaxim
https://github.com/syphon-org/syphon.git,syphon-org/syphon
https://github.com/adolfintel/OpenPods.git,adolfintel/OpenPods
https://github.com/ashutoshgngwr/noice.git,ashutoshgngwr/noice
https://github.com/SimpleMobileTools/Simple-Notes.git,SimpleMobileTools/Simple-Notes
https://github.com/asksven/BetterBatteryStats.git,asksven/BetterBatteryStats
https://github.com/ubergeek42/weechat-android.git,ubergeek42/weechat-android
https://github.com/i-p-tel/sipdroid.git,i-p-tel/sipdroid
https://github.com/xbmc/Kore.git,xbmc/Kore
https://github.com/TwidereProject/TwidereX-Android.git,TwidereProject/TwidereX-Android
https://github.com/SufficientlySecure/document-viewer.git,SufficientlySecure/document-viewer
https://github.com/daneren2005/Subsonic.git,daneren2005/Subsonic
https://github.com/AdrienPoupa/VinylMusicPlayer.git,AdrienPoupa/VinylMusicPlayer
https://github.com/FunkyMuse/Vigilante.git,FunkyMuse/Vigilante
https://github.com/kiwix/kiwix-android.git,kiwix/kiwix-android
https://github.com/mpcjanssen/simpletask-android.git,mpcjanssen/simpletask-android
https://github.com/frankmorgner/vsmartcard.git,frankmorgner/vsmartcard
https://github.com/markusfisch/BinaryEye.git,markusfisch/BinaryEye
https://github.com/navit-gps/navit.git,navit-gps/navit
https://github.com/gotify/android.git,gotify/android
https://github.com/labexp/osmtracker-android.git,labexp/osmtracker-android
https://github.com/haiwen/seadroid.git,haiwen/seadroid
https://github.com/SimpleMobileTools/Simple-Contacts.git,SimpleMobileTools/Simple-Contacts
https://github.com/wiglenet/wigle-wifi-wardriving.git,wiglenet/wigle-wifi-wardriving
https://github.com/segler-alex/RadioDroid.git,segler-alex/RadioDroid
https://github.com/Waboodoo/HTTP-Shortcuts.git,Waboodoo/HTTP-Shortcuts
https://github.com/chrisboyle/sgtpuzzles.git,chrisboyle/sgtpuzzles
https://github.com/farmerbb/Taskbar.git,farmerbb/Taskbar
https://github.com/devgianlu/Aria2App.git,devgianlu/Aria2App
https://github.com/MCMrARM/revolution-irc.git,MCMrARM/revolution-irc
https://github.com/ultranity/Pix-EzViewer.git,ultranity/Pix-EzViewer
https://github.com/MirakelX/mirakel-android.git,MirakelX/mirakel-android
https://github.com/Dimowner/AudioRecorder.git,Dimowner/AudioRecorder
https://github.com/termux/termux-styling.git,termux/termux-styling
https://github.com/celzero/rethink-app.git,celzero/rethink-app
https://github.com/redsolver/noteless.git,redsolver/noteless
https://github.com/marchellodev/sharik.git,marchellodev/sharik
https://github.com/dkanada/gelli.git,dkanada/gelli
https://github.com/Tunous/Dawn.git,Tunous/Dawn
https://github.com/sismics/reader.git,sismics/reader
https://github.com/afollestad/nock-nock.git,afollestad/nock-nock
https://github.com/wallabag/android-app.git,wallabag/android-app
https://github.com/Swordfish90/Lemuroid.git,Swordfish90/Lemuroid
https://github.com/stefan-niedermann/nextcloud-deck.git,stefan-niedermann/nextcloud-deck
https://github.com/shadowsocks/v2ray-plugin-android.git,shadowsocks/v2ray-plugin-android
https://github.com/tanujnotes/Olauncher.git,tanujnotes/Olauncher
https://github.com/mmazzarolo/breathly-app.git,mmazzarolo/breathly-app
https://github.com/mtotschnig/MyExpenses.git,mtotschnig/MyExpenses
https://github.com/bilde2910/Hauk.git,bilde2910/Hauk
https://github.com/Gedsh/InviZible.git,Gedsh/InviZible
https://github.com/y20k/transistor.git,y20k/transistor
https://github.com/SimpleMobileTools/Simple-Calculator.git,SimpleMobileTools/Simple-Calculator
https://github.com/Mishiranu/Dashchan.git,Mishiranu/Dashchan
https://github.com/SimpleMobileTools/Simple-Clock.git,SimpleMobileTools/Simple-Clock
https://github.com/OpenTracksApp/OpenTracks.git,OpenTracksApp/OpenTracks
https://github.com/sterrenburg/flutterhole.git,sterrenburg/flutterhole
https://github.com/patzly/grocy-android.git,patzly/grocy-android
https://github.com/nextcloud/talk-android.git,nextcloud/talk-android
https://github.com/premnirmal/StockTicker.git,premnirmal/StockTicker
https://github.com/pocmo/Yaaic.git,pocmo/Yaaic
https://github.com/TachibanaGeneralLaboratories/download-navi.git,TachibanaGeneralLaboratories/download-navi
https://github.com/twireapp/Twire.git,twireapp/Twire
https://github.com/niqdev/ipcam-view.git,niqdev/ipcam-view
https://github.com/AndBible/and-bible.git,AndBible/and-bible
https://github.com/EtchDroid/EtchDroid.git,EtchDroid/EtchDroid
https://github.com/shlomif/PySolFC.git,shlomif/PySolFC
https://github.com/zenorogue/hyperrogue.git,zenorogue/hyperrogue
https://github.com/freeminer/freeminer.git,freeminer/freeminer
https://github.com/MuntashirAkon/Metro.git,MuntashirAkon/Metro
https://github.com/moneymanagerex/android-money-manager-ex.git,moneymanagerex/android-money-manager-ex
https://github.com/google/talkback.git,google/talkback
https://github.com/nova-video-player/aos-AVP.git,nova-video-player/aos-AVP
https://github.com/darshanparajuli/LogcatReader.git,darshanparajuli/LogcatReader
https://github.com/wolpi/prim-ftpd.git,wolpi/prim-ftpd
https://github.com/jonjomckay/fritter.git,jonjomckay/fritter
https://github.com/AndreAle94/moneywallet.git,AndreAle94/moneywallet
https://github.com/SimpleMobileTools/Simple-Draw.git,SimpleMobileTools/Simple-Draw
https://github.com/d4rken/reddit-android-appstore.git,d4rken/reddit-android-appstore
https://github.com/mkulesh/microMathematics.git,mkulesh/microMathematics
https://github.com/mosmetro-android/mosmetro-android.git,mosmetro-android/mosmetro-android
https://github.com/termux/termux-boot.git,termux/termux-boot
https://github.com/massivemadness/Squircle-IDE.git,massivemadness/Squircle-IDE
https://github.com/helloworld1/FreeOTPPlus.git,helloworld1/FreeOTPPlus
https://github.com/moneytoo/Player.git,moneytoo/Player
https://github.com/deep-gaurav/MusicPiped.git,deep-gaurav/MusicPiped
https://github.com/emanuele-f/PCAPdroid.git,emanuele-f/PCAPdroid
https://github.com/fennifith/Alarmio.git,fennifith/Alarmio
https://github.com/OpenOrienteering/mapper.git,OpenOrienteering/mapper
https://github.com/lucasnlm/antimine-android.git,lucasnlm/antimine-android
https://github.com/ogarcia/opensudoku.git,ogarcia/opensudoku
https://github.com/sds100/KeyMapper.git,sds100/KeyMapper
https://github.com/itkach/aard2-android.git,itkach/aard2-android
https://github.com/ZeusLN/zeus.git,ZeusLN/zeus
https://github.com/mupen64plus-ae/mupen64plus-ae.git,mupen64plus-ae/mupen64plus-ae
https://github.com/IngoZenz/personaldnsfilter.git,IngoZenz/personaldnsfilter
https://github.com/pragma-/networklog.git,pragma-/networklog
https://github.com/raulhaag/MiMangaNu.git,raulhaag/MiMangaNu
https://github.com/brarcher/video-transcoder.git,brarcher/video-transcoder
https://github.com/metrodroid/metrodroid.git,metrodroid/metrodroid
https://github.com/hanjoongcho/aaf-easydiary.git,hanjoongcho/aaf-easydiary
https://github.com/MaxFour/Music-Player.git,MaxFour/Music-Player
https://github.com/andstatus/andstatus.git,andstatus/andstatus
https://github.com/jellyfin/jellyfin-android.git,jellyfin/jellyfin-android
https://github.com/kamgurgul/cpu-info.git,kamgurgul/cpu-info
https://github.com/sschueller/peertube-android.git,sschueller/peertube-android
https://github.com/guardianproject/ObscuraCam.git,guardianproject/ObscuraCam
https://github.com/tejado/android-usb-gadget.git,tejado/android-usb-gadget
https://github.com/SmartPack/SmartPack-Kernel-Manager.git,SmartPack/SmartPack-Kernel-Manager
https://github.com/eidottermihi/rpicheck.git,eidottermihi/rpicheck
https://github.com/abrensch/brouter.git,abrensch/brouter
https://github.com/TheRedSpy15/LTECleanerFOSS.git,TheRedSpy15/LTECleanerFOSS
https://github.com/termux/termux-widget.git,termux/termux-widget
https://github.com/sriharshaarangi/BatteryChargeLimit.git,sriharshaarangi/BatteryChargeLimit
https://github.com/UnicornsOnLSD/finamp.git,UnicornsOnLSD/finamp
https://github.com/horizontalsystems/unstoppable-wallet-android.git,horizontalsystems/unstoppable-wallet-android
https://github.com/kylecorry31/Trail-Sense.git,kylecorry31/Trail-Sense
https://github.com/dozingcat/Vector-Pinball.git,dozingcat/Vector-Pinball
https://github.com/glmark2/glmark2.git,glmark2/glmark2
https://github.com/stonega/tsacdop.git,stonega/tsacdop
https://github.com/AEFeinstein/mtg-familiar.git,AEFeinstein/mtg-familiar
https://github.com/shosetsuorg/android-app.git,shosetsuorg/android-app
https://github.com/rootkiwi/an2linuxclient.git,rootkiwi/an2linuxclient
https://github.com/zhenyolka/DPITunnel.git,zhenyolka/DPITunnel
https://github.com/XCSoar/XCSoar.git,XCSoar/XCSoar
https://github.com/MarcusWolschon/osmeditor4android.git,MarcusWolschon/osmeditor4android
https://github.com/sduduzog/slim-launcher.git,sduduzog/slim-launcher
https://github.com/AdguardTeam/ContentBlocker.git,AdguardTeam/ContentBlocker
https://github.com/SimpleMobileTools/Simple-App-Launcher.git,SimpleMobileTools/Simple-App-Launcher
https://github.com/gsantner/memetastic.git,gsantner/memetastic
https://github.com/JavaCafe01/PdfViewer.git,JavaCafe01/PdfViewer
https://github.com/termux/termux-tasker.git,termux/termux-tasker
https://github.com/buggins/coolreader.git,buggins/coolreader
https://github.com/SimpleMobileTools/Simple-Dialer.git,SimpleMobileTools/Simple-Dialer
https://github.com/yuriykulikov/AlarmClock.git,yuriykulikov/AlarmClock
https://github.com/lgallard/qBittorrent-Controller.git,lgallard/qBittorrent-Controller
https://github.com/BiglySoftware/BiglyBT-Android.git,BiglySoftware/BiglyBT-Android
https://github.com/xyzz/openmw-android.git,xyzz/openmw-android
https://github.com/SmartReceipts/SmartReceiptsLibrary.git,SmartReceipts/SmartReceiptsLibrary
https://github.com/adeekshith/watomatic.git,adeekshith/watomatic
https://github.com/rdoeffinger/Dictionary.git,rdoeffinger/Dictionary
https://github.com/wewewe718/QrAndBarcodeScanner.git,dmitriy-ilchenko/QrAndBarcodeScanner
https://github.com/NitishGadangi/Privacy-Indicator-App.git,NitishGadangi/Privacy-Indicator-App
https://github.com/yausername/dvd.git,yausername/dvd
https://github.com/amake/orgro.git,amake/orgro
https://github.com/SimpleMobileTools/Simple-Flashlight.git,SimpleMobileTools/Simple-Flashlight
https://github.com/UriahShaulMandel/BaldPhone.git,UriahShaulMandel/BaldPhone
https://github.com/kitsunyan/foxy-droid.git,kitsunyan/foxy-droid
https://github.com/nutritionfactsorg/daily-dozen-android.git,nutritionfactsorg/daily-dozen-android
https://github.com/Kaljurand/K6nele.git,Kaljurand/K6nele
https://github.com/qqq3/good-weather.git,qqq3/good-weather
https://github.com/t184256/nix-on-droid.git,t184256/nix-on-droid
https://github.com/etesync/android.git,etesync/android
https://github.com/emansih/FireflyMobile.git,emansih/FireflyMobile
https://github.com/billthefarmer/editor.git,billthefarmer/editor
https://github.com/davidhealey/waistline.git,davidhealey/waistline
https://github.com/rignaneseleo/SlimSocial-for-Facebook.git,rignaneseleo/SlimSocial-for-Facebook
https://github.com/cyclestreets/android.git,cyclestreets/android
https://github.com/nv95/Kotatsu.git,nv95/Kotatsu
https://github.com/bfabiszewski/ulogger-android.git,bfabiszewski/ulogger-android
https://github.com/tejado/Authorizer.git,tejado/Authorizer
https://github.com/lposidon/posidonLauncher.git,lposidon/posidonLauncher
https://github.com/clementine-player/Android-Remote.git,clementine-player/Android-Remote
https://github.com/ultrasonic/ultrasonic.git,ultrasonic/ultrasonic
https://github.com/aaronjwood/PortAuthority.git,aaronjwood/PortAuthority
https://github.com/rt-bishop/Look4Sat.git,rt-bishop/Look4Sat
https://github.com/ligi/gobandroid.git,ligi/gobandroid
https://github.com/javiersantos/WhatsAppBetaUpdater.git,javiersantos/WhatsAppBetaUpdater
https://github.com/agateau/pixelwheels.git,agateau/pixelwheels
https://github.com/farmerbb/Notepad.git,farmerbb/Notepad
https://github.com/nkanaev/bubble.git,nkanaev/bubble
https://github.com/k3b/APhotoManager.git,k3b/APhotoManager
https://github.com/SamAmco/track-and-graph.git,SamAmco/track-and-graph
https://github.com/bk138/multivnc.git,bk138/multivnc
https://github.com/AdrienPoupa/AttestationDeplacement.git,AdrienPoupa/AttestationDeplacement
https://github.com/butzist/ActivityLauncher.git,butzist/ActivityLauncher
https://github.com/veniosg/Dir.git,veniosg/Dir
https://github.com/abertschi/ad-free.git,abertschi/ad-free
https://github.com/K1rakishou/Kuroba-Experimental.git,K1rakishou/Kuroba-Experimental
https://github.com/devgianlu/Aria2Android.git,devgianlu/Aria2Android
https://github.com/tobykurien/WebApps.git,tobykurien/WebApps
https://github.com/citiususc/calendula.git,citiususc/calendula
https://github.com/junjunguo/PocketMaps.git,junjunguo/PocketMaps
https://github.com/metinkale38/prayer-times-android.git,metinkale38/prayer-times-android
https://github.com/LonamiWebs/Klooni1010.git,LonamiWebs/Klooni1010
https://github.com/Albert221/FastShopping.git,Albert221/FastShopping
https://github.com/instead-hub/instead.git,instead-hub/instead
https://github.com/meshenger-app/meshenger-android.git,meshenger-app/meshenger-android
https://github.com/physphil/UnitConverterUltimate.git,physphil/UnitConverterUltimate
https://github.com/nitroshare/nitroshare-android.git,nitroshare/nitroshare-android
https://github.com/librespeed/speedtest-android.git,librespeed/speedtest-android
https://github.com/IvanVolosyuk/diskusage.git,IvanVolosyuk/diskusage
https://github.com/miracle2k/android-autostarts.git,miracle2k/android-autostarts
https://github.com/tasomaniac/OpenLinkWith.git,tasomaniac/OpenLinkWith
https://github.com/zoff99/ToxAndroidRefImpl.git,zoff99/ToxAndroidRefImpl
https://github.com/gateship-one/odyssey.git,gateship-one/odyssey
https://github.com/ccomeaux/boardgamegeek4android.git,ccomeaux/boardgamegeek4android
https://github.com/BenoitDuffez/AndroidCupsPrint.git,BenoitDuffez/AndroidCupsPrint
https://github.com/Catrobat/Paintroid.git,Catrobat/Paintroid
https://github.com/langerhans/dogecoin-wallet-new.git,langerhans/dogecoin-wallet-new
https://github.com/lexica/lexica.git,lexica/lexica
https://github.com/farmerbb/SecondScreen.git,farmerbb/SecondScreen
https://github.com/brarcher/loyalty-card-locker.git,brarcher/loyalty-card-locker
https://github.com/Donnnno/Arcticons.git,Donnnno/Arcticons
https://github.com/tema6120/ForgetMeNot.git,tema6120/ForgetMeNot
https://github.com/LemmurOrg/lemmur.git,krawieck/lemmur
https://github.com/nv95/OpenManga.git,nv95/OpenManga
https://github.com/juankysoriano/Zen.git,juankysoriano/Zen
https://github.com/reloZid/android-anuto.git,reloZid/android-anuto
https://github.com/LISTEN-moe/android-app.git,LISTEN-moe/android-app
https://github.com/stingle/stingle-photos-android.git,stingle/stingle-photos-android
https://github.com/forrestguice/SuntimesWidget.git,forrestguice/SuntimesWidget
https://github.com/msoultanidis/quillnote.git,msoultanidis/quillnote
https://github.com/plateaukao/browser.git,plateaukao/browser
https://github.com/Pato05/uploadgram-app.git,Pato05/uploadgram-app
https://github.com/michaelkourlas/voipms-sms-client.git,michaelkourlas/voipms-sms-client
https://github.com/flide/8VIM.git,flide/8VIM
https://github.com/OxygenCobalt/Auxio.git,OxygenCobalt/Auxio
https://github.com/sovworks/edslite.git,sovworks/edslite
https://github.com/GabrielTavernini/Covid19Stats.git,GabrielTavernini/Covid19Stats
https://github.com/Zygo/xscreensaver.git,Zygo/xscreensaver
https://github.com/m-i-n-a-r/birday.git,m-i-n-a-r/birday
https://github.com/alt236/USB-Device-Info---Android.git,alt236/USB-Device-Info---Android
https://github.com/bauerj/paperless_app.git,bauerj/paperless_app
https://github.com/CookieJarApps/SmartCookieWeb.git,CookieJarApps/SmartCookieWeb
https://github.com/iNPUTmice/lttrs-android.git,iNPUTmice/lttrs-android
https://github.com/MajeurAndroid/android-applications-info.git,MajeurAndroid/android-applications-info
https://github.com/otakuhqz/ZimLX.git,otakuhqz/ZimLX
https://github.com/FunkyMuse/Aurora.git,FunkyMuse/Aurora
https://github.com/bk138/droidVNC-NG.git,bk138/droidVNC-NG
https://github.com/Etuldan/spaRSS.git,Etuldan/spaRSS
https://github.com/IvanVolosyuk/wifikeyboard.git,IvanVolosyuk/wifikeyboard
https://github.com/KillerInk/FreeDcam.git,KillerInk/FreeDcam
https://github.com/Fr4gorSoftware/SecScanQR.git,Fr4gorSoftware/SecScanQR
https://github.com/termux/termux-float.git,termux/termux-float
https://github.com/leonlatsch/Photok.git,leonlatsch/Photok
https://github.com/teal77/trireme.git,teal77/trireme
https://github.com/Exodus-Privacy/exodus-android-app.git,Exodus-Privacy/exodus-android-app
https://github.com/enricocid/VectorifyDaHome.git,enricocid/VectorifyDaHome
https://github.com/evilcorpltd/aTox.git,evilcorpltd/aTox
https://github.com/VladThodo/behe-keyboard.git,VladThodo/behe-keyboard
https://github.com/opentelecoms-org/lumicall.git,opentelecoms-org/lumicall
https://github.com/opacapp/opacclient.git,opacapp/opacclient
https://github.com/brodeurlv/fastnfitness.git,brodeurlv/fastnfitness
https://github.com/llaske/sugarizer.git,llaske/sugarizer
https://github.com/geopaparazzi/geopaparazzi.git,geopaparazzi/geopaparazzi
https://github.com/materialos/android-icon-pack.git,materialos/android-icon-pack
https://github.com/helloworld1/AnyMemo.git,helloworld1/AnyMemo
https://github.com/EventFahrplan/EventFahrplan.git,EventFahrplan/EventFahrplan
https://github.com/dkanada/frost.git,dkanada/frost
https://github.com/developersu/ns-usbloader-mobile.git,developersu/ns-usbloader-mobile
https://github.com/SimpleMobileTools/Simple-Voice-Recorder.git,SimpleMobileTools/Simple-Voice-Recorder
https://github.com/SimpleMobileTools/Simple-SMS-Messenger.git,SimpleMobileTools/Simple-SMS-Messenger
https://github.com/wulkanowy/wulkanowy.git,wulkanowy/wulkanowy
https://github.com/Chesire/Nekome.git,Chesire/Nekome
https://github.com/Piwigo/Piwigo-Android.git,Piwigo/Piwigo-Android
https://github.com/admin-ch/CovidCertificate-App-Android.git,admin-ch/CovidCertificate-App-Android
https://github.com/nilsbraden/ttrss-reader-fork.git,nilsbraden/ttrss-reader-fork
https://github.com/erickok/transdroid-search.git,erickok/transdroid-search
https://github.com/TheLastProject/Catima.git,TheLastProject/Catima
https://github.com/databurn-in/PrivacyBreacher.git,databurn-in/PrivacyBreacher
https://github.com/bernaferrari/SDKMonitor.git,bernaferrari/SDKMonitor
https://github.com/zagaberoo/diode.git,zagaberoo/diode
https://github.com/avram/zandy.git,avram/zandy
https://github.com/39aldo39/DecSyncCC.git,39aldo39/DecSyncCC
https://github.com/guardianproject/PixelKnot.git,guardianproject/PixelKnot
https://github.com/SecUSo/privacy-friendly-netmonitor.git,SecUSo/privacy-friendly-netmonitor
https://github.com/ZeeRooo/MaterialFBook.git,ZeeRooo/MaterialFBook
https://github.com/JonasCz/save-for-offline.git,JonasCz/save-for-offline
https://github.com/cbeyls/fosdem-companion-android.git,cbeyls/fosdem-companion-android
https://github.com/tom-anders/Easy_xkcd.git,tom-anders/Easy_xkcd
https://github.com/slowscript/warpinator-android.git,slowscript/warpinator-android
https://github.com/apps4av/avare.git,apps4av/avare
https://github.com/mcastillof/FakeTraveler.git,mcastillof/FakeTraveler
https://github.com/skjolber/ndef-tools-for-android.git,skjolber/ndef-tools-for-android
https://github.com/criticalmaps/criticalmaps-android.git,criticalmaps/criticalmaps-android
https://github.com/SchildiChat/SchildiChat-android.git,SchildiChat/SchildiChat-android
https://github.com/zamojski/TowerCollector.git,zamojski/TowerCollector
https://github.com/flackbash/AudioAnchor.git,flackbash/AudioAnchor
https://github.com/fm-sys/snapdrop-android.git,fm-sys/snapdrop-android
https://github.com/dozingcat/AsciiCam.git,dozingcat/AsciiCam
https://github.com/nvllsvm/Audinaut.git,nvllsvm/Audinaut
https://github.com/urbandroid-team/dontkillmy-app.git,urbandroid-team/dontkillmy-app
https://github.com/juha-h/baresip-studio.git,juha-h/baresip-studio
https://github.com/pacien/tincapp.git,pacien/tincapp
https://github.com/thuryn/your-local-weather.git,thuryn/your-local-weather
https://github.com/opendocument-app/OpenDocument.droid.git,opendocument-app/OpenDocument.droid
https://github.com/AnySoftKeyboard/LanguagePack.git,AnySoftKeyboard/LanguagePack
https://github.com/SubhamTyagi/Last-Launcher.git,SubhamTyagi/Last-Launcher
https://github.com/readrops/Readrops.git,readrops/Readrops
https://github.com/ThibaudM/timelapse-sony.git,ThibaudM/timelapse-sony
https://github.com/marq24/UUID0xFD6FTracer.git,marq24/UUID0xFD6FTracer
https://github.com/y20k/escapepod.git,y20k/escapepod
https://github.com/btcontract/wallet.git,btcontract/wallet
https://github.com/phyphox/phyphox-android.git,phyphox/phyphox-android
https://github.com/Tortel/SysLog.git,Tortel/SysLog
https://github.com/syncthing/syncthing-lite.git,syncthing/syncthing-lite
https://github.com/Ryosuke839/UnicodePad.git,Ryosuke839/UnicodePad
https://github.com/demokratie-live/democracy-client.git,demokratie-live/democracy-client
https://github.com/guardianproject/ripple.git,guardianproject/ripple
https://github.com/kaputnikGo/PilferShushJammer.git,kaputnikGo/PilferShushJammer
https://github.com/xdsopl/robot36.git,xdsopl/robot36
https://github.com/7LPdWcaW/GrowTracker-Android.git,7LPdWcaW/GrowTracker-Android
https://github.com/bailuk/AAT.git,bailuk/AAT
https://github.com/Nain57/Smart-AutoClicker.git,Nain57/Smart-AutoClicker
https://github.com/cmeng-git/atalk-android.git,cmeng-git/atalk-android
https://github.com/gsantner/dandelion.git,gsantner/dandelion
https://github.com/92lleo/WhatsappWebToGo.git,92lleo/WhatsappWebToGo
https://github.com/ooni/probe-android.git,ooni/probe-android
https://github.com/SecUSo/privacy-friendly-pedometer.git,SecUSo/privacy-friendly-pedometer
https://github.com/projectmatris/antimalwareapp.git,projectmatris/antimalwareapp
https://github.com/jkuester/unlauncher.git,jkuester/unlauncher
https://github.com/yellowbluesky/PixivforMuzei3.git,yellowbluesky/PixivforMuzei3
https://github.com/SubhamTyagi/android-ocr.git,SubhamTyagi/android-ocr
https://github.com/procrastimax/BirthdayBuddy.git,procrastimax/BirthdayBuddy
https://github.com/Skarafaz/mercury.git,Skarafaz/mercury
https://github.com/SecUSo/privacy-friendly-qr-scanner.git,SecUSo/privacy-friendly-qr-scanner
https://github.com/csicar/Ning.git,csicar/Ning
https://github.com/Alkarex/EasyRSS.git,Alkarex/EasyRSS
https://github.com/vauvenal5/yaga.git,vauvenal5/yaga
https://github.com/kalaspuffar/secure-quick-reliable-login.git,kalaspuffar/secure-quick-reliable-login
https://github.com/LukeStonehm/LogicalDefence.git,LukeStonehm/LogicalDefence
https://github.com/mediathekview/zapp.git,mediathekview/zapp
https://github.com/meolunr/MBEStyle.git,meolunr/MBEStyle
https://github.com/nextgis/android_gisapp.git,nextgis/android_gisapp
https://github.com/light-launcher/Light-Android-Launcher.git,light-launcher/Light-Android-Launcher
https://github.com/452/USBHIDTerminal.git,452/USBHIDTerminal
https://github.com/takke/cpustats.git,takke/cpustats
https://github.com/rascarlo/AURdroid.git,rascarlo/AURdroid
https://github.com/Mosc/Glider.git,Mosc/Glider
https://github.com/moko256/twitlatte.git,moko256/twitlatte
https://github.com/nerzhul/ncsms-android.git,nerzhul/ncsms-android
https://github.com/lordi/tickmate.git,lordi/tickmate
https://github.com/tengusw/share_to_clipboard.git,tengusw/share_to_clipboard
https://github.com/bitcraze/crazyflie-android-client.git,bitcraze/crazyflie-android-client
https://github.com/videogameboy76/frozenbubbleandroid.git,videogameboy76/frozenbubbleandroid
https://github.com/scoutant/blokish.git,scoutant/blokish
https://github.com/andreynovikov/trekarta.git,andreynovikov/trekarta
https://github.com/SmartPack/PackageManager.git,SmartPack/PackageManager
https://github.com/sakusaku3939/DeepLAndroid.git,sakusaku3939/DeepLAndroid
https://github.com/sreichholf/dreamDroid.git,sreichholf/dreamDroid
https://github.com/cyanomiko/dcnnt-android.git,cyanomiko/dcnnt-android
https://github.com/js-labs/WalkieTalkie.git,js-labs/WalkieTalkie
https://github.com/max-kammerer/orion-viewer.git,max-kammerer/orion-viewer
https://github.com/nelenkov/cryptfs-password-manager.git,nelenkov/cryptfs-password-manager
https://github.com/blastrock/kakugo.git,blastrock/kakugo
https://github.com/axxapy/apkExtractor.git,axxapy/apkExtractor
https://github.com/yolosec/routerkeygenAndroid.git,yolosec/routerkeygenAndroid
https://github.com/scubajeff/lespas.git,scubajeff/lespas
https://github.com/aminecmi/ReaderforSelfoss.git,aminecmi/ReaderforSelfoss
https://github.com/k3b/intent-intercept.git,k3b/intent-intercept
https://github.com/Blockstream/green_android.git,Blockstream/green_android
https://github.com/ivpn/android-app.git,ivpn/android-app
https://github.com/wuan/bo-android.git,wuan/bo-android
https://github.com/Sav22999/common-voice-android.git,Sav22999/common-voice-android
https://github.com/flex3r/DankChat.git,flex3r/DankChat
https://github.com/hazae41/sweet-ipfs.git,hazae41/sweet-ipfs
https://github.com/woheller69/weather.git,woheller69/weather
https://github.com/phikal/ReGeX.git,phikal/ReGeX
https://github.com/Seva-coder/Finder.git,Seva-coder/Finder
https://github.com/y20k/trackbook.git,y20k/trackbook
https://github.com/yanus171/Handy-News-Reader.git,yanus171/Handy-News-Reader
https://github.com/ferraridamiano/ConverterNOW.git,ferraridamiano/ConverterNOW
https://github.com/mwarning/trigger.git,mwarning/trigger
https://github.com/dimtion/Shaarlier.git,dimtion/Shaarlier
https://github.com/dkter/aaaaa.git,dkter/aaaaa
https://github.com/bradand/XMouse.git,bradand/XMouse
https://github.com/kebernet/shortyz.git,kebernet/shortyz
https://github.com/howeyc/crocgui.git,howeyc/crocgui
https://github.com/apk-editor/APK-Explorer-Editor.git,apk-editor/APK-Explorer-Editor
https://github.com/tkrajina/10000sentences.git,tkrajina/10000sentences
https://github.com/TeamNewPipe/NewPipe-legacy.git,TeamNewPipe/NewPipe-legacy
https://github.com/gatheringhallstudios/MHGenDatabase.git,gatheringhallstudios/MHGenDatabase
https://github.com/restorer/gloomy-dungeons-2.git,restorer/gloomy-dungeons-2
https://github.com/DDoSolitary/OkcAgent.git,DDoSolitary/OkcAgent
https://github.com/amirzaidi/DNGProcessor.git,amirzaidi/DNGProcessor
https://github.com/SecUSo/privacy-friendly-sudoku.git,SecUSo/privacy-friendly-sudoku
https://github.com/gentlecat/counter.git,gentlecat/counter
https://github.com/samotari/crypto-terminal.git,samotari/crypto-terminal
https://github.com/fesch/CanZE.git,fesch/CanZE
https://github.com/TacoTheDank/Scoop.git,TacoTheDank/Scoop
https://github.com/donmor/Tiddloid.git,donmor/Tiddloid
https://github.com/mirfatif/PermissionManagerX.git,mirfatif/PermissionManagerX
https://github.com/Domi04151309/AlwaysOn.git,Domi04151309/AlwaysOn
https://github.com/Secure-File-Manager/Secure-File-Manager.git,Secure-File-Manager/Secure-File-Manager
https://github.com/mkulesh/onpc.git,mkulesh/onpc
https://github.com/AsteroidOS/AsteroidOSSync.git,AsteroidOS/AsteroidOSSync
https://github.com/apcro/leafpicrevived.git,apcro/leafpicrevived
https://github.com/oliexdev/openWorkout.git,oliexdev/openWorkout
https://github.com/indication/OpenRedmine.git,indication/OpenRedmine
https://github.com/sagemath/android.git,sagemath/android
https://github.com/finnmglas/Launcher.git,finnmglas/Launcher
https://github.com/DeweyReed/ClipboardCleaner.git,DeweyReed/ClipboardCleaner
https://github.com/marksuth/indigenous-android.git,swentel/indigenous-android
https://github.com/nproth/pin.git,nproth/pin
https://github.com/stephane-r/HoloPlay.git,stephane-r/HoloPlay
https://github.com/arnowelzel/periodical.git,arnowelzel/periodical
https://github.com/eduvpn/android.git,eduvpn/android
https://github.com/hwki/SimpleBitcoinWidget.git,hwki/SimpleBitcoinWidget
https://github.com/urandom/gearshift.git,urandom/gearshift
https://github.com/bradyt/cone.git,bradyt/cone
https://github.com/yggdrasil-network/crispa-android.git,yggdrasil-network/crispa-android
https://github.com/brarcher/budget-watch.git,brarcher/budget-watch
https://github.com/manuelvargastapia/libgen_mobile_app.git,manuelvargastapia/libgen_mobile_app
https://github.com/SapuSeven/BetterUntis.git,SapuSeven/BetterUntis
https://github.com/z3r0c00l-2k/AquaDroid.git,z3r0c00l-2k/AquaDroid
https://github.com/vishnuraghavb/EnRecipes.git,vishnuraghavb/EnRecipes
https://github.com/dozingcat/VectorCamera.git,dozingcat/VectorCamera
https://github.com/equeim/tremotesf-android.git,equeim/tremotesf-android
https://github.com/andstatus/todoagenda.git,andstatus/todoagenda
https://github.com/btimofeev/UniPatcher.git,btimofeev/UniPatcher
https://github.com/snoe/deedum.git,snoe/deedum
https://github.com/konradrenner/kolabnotes-android.git,konradrenner/kolabnotes-android
https://github.com/SecUSo/privacy-friendly-weather.git,SecUSo/privacy-friendly-weather
https://github.com/SecUSo/privacy-friendly-todo-list.git,SecUSo/privacy-friendly-todo-list
https://github.com/Crazy-Marvin/ToDont.git,Crazy-Marvin/ToDont
https://github.com/saschpe/BirthdayCalendar.git,saschpe/BirthdayCalendar
https://github.com/vmiklos/plees-tracker.git,vmiklos/plees-tracker
https://github.com/SteamGifts/SteamGifts.git,SteamGifts/SteamGifts
https://github.com/ltGuillaume/DroidShows.git,ltGuillaume/DroidShows
https://github.com/daper/nextcloud-passwords-app.git,daper/nextcloud-passwords-app
https://github.com/tuyafeng/Watt.git,tuyafeng/Watt
https://github.com/tranquvis/SimpleSmsRemote.git,tranquvis/SimpleSmsRemote
https://github.com/freenet-mobile/app.git,freenet-mobile/app
https://github.com/markmcavoy/androidtoken.git,markmcavoy/androidtoken
https://github.com/xgouchet/Stanley.git,xgouchet/Stanley
https://github.com/CityZenApp/AndroidApp.git,CityZenApp/AndroidApp
https://github.com/mathisdt/trackworktime.git,mathisdt/trackworktime
https://github.com/tmarzeion/drawable-notepad.git,tmarzeion/drawable-notepad
https://github.com/saschpe/PlanningPoker.git,saschpe/PlanningPoker
https://github.com/rpandey1234/Covid19Tracker.git,rpandey1234/Covid19Tracker
https://github.com/tobykurien/BatteryFu.git,tobykurien/BatteryFu
https://github.com/simple-login/Simple-Login-Android.git,simple-login/Simple-Login-Android
https://github.com/flxapps/DetoxDroid.git,flxapps/DetoxDroid
https://github.com/MobileFirstLLC/irregular-expressions.git,MobileFirstLLC/irregular-expressions
https://github.com/SufficientlySecure/offline-calendar.git,SufficientlySecure/offline-calendar
https://github.com/pR0Ps/LocationShare.git,pR0Ps/LocationShare
https://github.com/jeroen1602/lighthouse_pm.git,jeroen1602/lighthouse_pm
https://github.com/caarmen/network-monitor.git,caarmen/network-monitor
https://github.com/tube42/drumon.git,tube42/drumon
https://github.com/kivy-garden/zbarcam.git,kivy-garden/zbarcam
https://github.com/Wilm0r/giggity.git,Wilm0r/giggity
https://github.com/openintents/shoppinglist.git,openintents/shoppinglist
https://github.com/vbier/habpanelviewer.git,vbier/habpanelviewer
https://github.com/etesync/etesync-notes.git,etesync/etesync-notes
https://github.com/j4velin/WiFi-Automatic.git,j4velin/WiFi-Automatic
https://github.com/SufficientlySecure/calendar-import-export.git,SufficientlySecure/calendar-import-export
https://github.com/Faltenreich/Diaguard.git,Faltenreich/Diaguard
https://github.com/DimensionDev/TesserPG-Android.git,DimensionDev/TesserPG-Android
https://github.com/klassm/andFHEM.git,klassm/andFHEM
https://github.com/bherrmann7/Car-Cast.git,bherrmann7/Car-Cast
https://github.com/joshuacerdenia/NiceFeed.git,joshuacerdenia/NiceFeed
https://github.com/SmartPack/ScriptManager.git,SmartPack/ScriptManager
https://github.com/2Ra66it/updater-for-spotify.git,2Ra66it/updater-for-spotify
https://github.com/jlelse/teleposter.git,jlelse/teleposter
https://github.com/jruesga/rview.git,jruesga/rview
https://github.com/pavelsof/mobile-wormhole.git,pavelsof/mobile-wormhole
https://github.com/corphish/NightLight.git,corphish/NightLight
https://github.com/brarcher/protect-baby-monitor.git,brarcher/protect-baby-monitor
https://github.com/jclehner/rxdroid.git,jclehner/rxdroid
https://github.com/HenriDellal/emerald.git,HenriDellal/emerald
https://github.com/HenriDellal/emerald-dialer.git,HenriDellal/emerald-dialer
https://github.com/EvanRespaut/Equate.git,EvanRespaut/Equate
https://github.com/slartus/4pdaClient-plus.git,slartus/4pdaClient-plus
https://github.com/arduia/ProExpense.git,arduia/ProExpense
https://github.com/httpdispatch/MissedNotificationsReminder.git,httpdispatch/MissedNotificationsReminder
https://github.com/4nubhav/WhatsDeleted.git,4nubhav/WhatsDeleted
https://github.com/austinried/subtracks.git,austinried/subtracks
https://github.com/itprojects/InboxPager.git,itprojects/InboxPager
https://github.com/Crazy-Marvin/Morse.git,Crazy-Marvin/Morse
https://github.com/CorvetteCole/GotoSleep.git,CorvetteCole/GotoSleep
https://github.com/SecUSo/privacy-friendly-notes.git,SecUSo/privacy-friendly-notes
https://github.com/sunilpaulmathew/De-Bloater.git,sunilpaulmathew/De-Bloater
https://github.com/ITVlab/Launch-On-Boot.git,ITVlab/Launch-On-Boot
https://github.com/Seeneva/seeneva-reader-android.git,Seeneva/seeneva-reader-android
https://github.com/caarmen/poet-assistant.git,caarmen/poet-assistant
https://github.com/markusfisch/WaveLinesWallpaper.git,markusfisch/WaveLinesWallpaper
https://github.com/ValleZ/Paper-Wallet.git,ValleZ/Paper-Wallet
https://github.com/OpenArchive/Save-app-android.git,OpenArchive/Save-app-android
https://github.com/chr15m/PdDroidParty.git,chr15m/PdDroidParty
https://github.com/woefe/ShoppingList.git,woefe/ShoppingList
https://github.com/schaal/ocreader.git,schaal/ocreader
https://github.com/devgianlu/DNSHero.git,devgianlu/DNSHero
https://github.com/cotechde/termbot.git,cotechde/termbot
https://github.com/kamaravichow/safe-dot-android.git,kamaravichow/safe-dot-android
https://github.com/devgianlu/PretendYoureXyzzyAndroid.git,devgianlu/PretendYoureXyzzyAndroid
https://github.com/pp3345/ykDroid.git,pp3345/ykDroid
https://github.com/Techno-Disaster/tldr-flutter.git,Techno-Disaster/tldr-flutter
https://github.com/literal-io/literal.git,literal-io/literal
https://github.com/cvzi/ScreenshotTile.git,cvzi/ScreenshotTile
https://github.com/sarbajitsaha/Batch-Uninstaller.git,sarbajitsaha/Batch-Uninstaller
https://github.com/franciscofranco/Simple-Reboot-app.git,franciscofranco/Simple-Reboot-app
https://github.com/Fortyseven/ToneDef.git,Fortyseven/ToneDef
https://github.com/F4uzan/HgLauncher.git,F4uzan/HgLauncher
https://github.com/mafik/echo.git,mafik/echo
https://github.com/billthefarmer/sig-gen.git,billthefarmer/sig-gen
https://github.com/ChickenHook/StartFlagExploit.git,ChickenHook/StartFlagExploit
https://github.com/SecUSo/privacy-friendly-shopping-list.git,SecUSo/privacy-friendly-shopping-list
https://github.com/treehouses/remote.git,treehouses/remote
https://github.com/m3sv/PlainUPnP.git,m3sv/PlainUPnP
https://github.com/ZorinOS/zorin-connect-android.git,ZorinOS/zorin-connect-android
https://github.com/gatheringhallstudios/MHWorldDatabase.git,gatheringhallstudios/MHWorldDatabase
https://github.com/akhavr/electrum-dash.git,akhavr/electrum-dash
https://github.com/subchannel13/EnchantedFortress.git,subchannel13/EnchantedFortress
https://github.com/rascarlo/ArchPackages.git,rascarlo/ArchPackages
https://github.com/ligi/BLExplorer.git,ligi/BLExplorer
https://github.com/mcastorina/mpv-remote-app.git,mcastorina/mpv-remote-app
https://github.com/Utazukin/Ichaival.git,Utazukin/Ichaival
https://github.com/dougkeen/BartRunnerAndroid.git,dougkeen/BartRunnerAndroid
https://github.com/cgeo/WhereYouGo.git,cgeo/WhereYouGo
https://github.com/johan12345/EVMap.git,johan12345/EVMap
https://github.com/nhirokinet/bluelineconsole.git,nhirokinet/bluelineconsole
https://github.com/ultramega/elementary.git,ultramega/elementary
https://github.com/ostrya/PresencePublisher.git,ostrya/PresencePublisher
https://github.com/seguri/Lock.git,seguri/Lock
https://github.com/snikket-im/snikket-android.git,snikket-im/snikket-android
https://github.com/0ranko0P/AutoDark.git,0ranko0P/AutoDark
https://github.com/thibseisel/android-odeon.git,thibseisel/android-odeon
https://github.com/clemensbartz/essential-launcher.git,clemensbartz/essential-launcher
https://github.com/mueller-ma/Coffee.git,mueller-ma/Coffee
https://github.com/tckmn/semitone.git,tckmn/semitone
https://github.com/m-i-n-a-r/randomix.git,m-i-n-a-r/randomix
https://github.com/warmshowers/wsandroid.git,warmshowers/wsandroid
https://github.com/wseemann/RoMote.git,wseemann/RoMote
https://github.com/openintents/notepad.git,openintents/notepad
https://github.com/glpi-project/android-inventory-agent.git,glpi-project/android-inventory-agent
https://github.com/sanbeg/flashlight.git,sanbeg/flashlight
https://github.com/metabrainz/musicbrainz-android.git,metabrainz/musicbrainz-android
https://github.com/sorz/TinyKeePass.git,sorz/TinyKeePass
https://github.com/nwrkbiz/android-xserver.git,nwrkbiz/android-xserver
https://github.com/koelleChristian/trickytripper.git,koelleChristian/trickytripper
https://github.com/maltaisn/another-notes-app.git,maltaisn/another-notes-app
https://github.com/fixme-lausanne/MyHackerspace.git,fixme-lausanne/MyHackerspace
https://github.com/blockbasti/just_another_workout_timer.git,blockbasti/just_another_workout_timer
https://github.com/mikifus/padland.git,mikifus/padland
https://github.com/grote/BlitzMail.git,grote/BlitzMail
https://github.com/scoute-dich/Weather.git,scoute-dich/Weather
https://github.com/raag-music/raag.git,raag-music/raag
https://github.com/JonasBernard/FakeStandby.git,JonasBernard/FakeStandby
https://github.com/smarek/Simple-Dilbert.git,smarek/Simple-Dilbert
https://github.com/vackosar/search-based-launcher.git,vackosar/search-based-launcher
https://github.com/ScreamingHawk/phone-saver.git,ScreamingHawk/phone-saver
https://github.com/lolo-io/OneList.git,lolo-io/OneList
https://github.com/SmartPack/SmartFlasher.git,SmartPack/SmartFlasher
https://github.com/Flunzmas/seasoncalendar.git,Flunzmas/seasoncalendar
https://github.com/39aldo39/spaRSS-DecSync.git,39aldo39/spaRSS-DecSync
https://github.com/obfusk/jiten.git,obfusk/jiten
https://github.com/scoute-dich/QuitSmoking.git,scoute-dich/QuitSmoking
https://github.com/Bubu/android-calculatorpp.git,Bubu/android-calculatorpp
https://github.com/appml/neutrinote.git,appml/neutrinote
https://github.com/k3b/ToGoZip.git,k3b/ToGoZip
https://github.com/thetwom/toc2.git,thetwom/toc2
https://github.com/freshollie/UsbGps4Droid.git,freshollie/UsbGps4Droid
https://github.com/SpicyChair/pluvia_weather_flutter.git,SpicyChair/pluvia_weather_flutter
https://github.com/SubhamTyagi/openinwa.git,SubhamTyagi/openinwa
https://github.com/SpartanJ/ImgurViewer.git,SpartanJ/ImgurViewer
https://github.com/pyload/pyload-android.git,pyload/pyload-android
https://github.com/qcasey/paperless_share.git,qcasey/paperless_share
https://github.com/sunilpaulmathew/Translator.git,sunilpaulmathew/Translator
https://github.com/tobykurien/WebMediaShare.git,tobykurien/WebMediaShare
https://github.com/mvbasov/lWS.git,mvbasov/lWS
https://github.com/AdrianMiozga/GetFlow.git,AdrianMiozga/GetFlow
https://github.com/SecUSo/privacy-friendly-ludo.git,SecUSo/privacy-friendly-ludo
https://github.com/tigase/stork.git,tigase/stork
https://github.com/falzonv/discreet-launcher.git,falzonv/discreet-launcher
https://github.com/CTemplar/android.git,CTemplar/android
https://github.com/aeri/Nihonoari-App.git,aeri/Nihonoari-App
https://github.com/orhun/k3pler.git,orhun/k3pler
https://github.com/Akaflieg-Freiburg/enroute.git,Akaflieg-Freiburg/enroute
https://github.com/SensorApps/Sensors2OSC.git,SensorApps/Sensors2OSC
https://github.com/redwarp/gif-wallpaper.git,redwarp/gif-wallpaper
https://github.com/gregordr/Secure-Photo-Viewer.git,gregordr/Secure-Photo-Viewer
https://github.com/ScreamingHawk/android-slideshow.git,ScreamingHawk/android-slideshow
https://github.com/GarrettBeatty/arXiv-eXplorer.git,GarrettBeatty/arXiv-eXplorer
https://github.com/MuntashirAkon/SetEdit.git,MuntashirAkon/SetEdit
https://github.com/movim/movim_android.git,movim/movim_android
https://github.com/Teifun2/nextcloud-cookbook-flutter.git,Teifun2/nextcloud-cookbook-flutter
https://github.com/tobykurien/GoogleApps.git,tobykurien/GoogleApps
https://github.com/tobexyz/yaacc-code.git,tobexyz/yaacc-code
https://github.com/theolizard/remote-numpad.git,theolizard/remote-numpad
https://github.com/nathanj/ogsdroid.git,nathanj/ogsdroid
https://github.com/ChickenHook/BinderFuzzy.git,ChickenHook/BinderFuzzy
https://github.com/gsioteam/kinoko.git,gsioteam/kinoko
https://github.com/beatbrot/ScreenshotAssistant.git,beatbrot/ScreenshotAssistant
https://github.com/NachiketaVadera/EBookDownloader.git,NachiketaVadera/EBookDownloader
https://github.com/hiroshiyui/GuilelessBopomofo.git,hiroshiyui/GuilelessBopomofo
https://github.com/veniosg/JustSearch.git,veniosg/JustSearch
https://github.com/Dariasteam/Cows-Revenge.git,Dariasteam/Cows-Revenge
https://github.com/igrmk/smsq.git,igrmk/smsq
https://github.com/phw/Android-PwdHash.git,phw/Android-PwdHash
https://github.com/agersant/polaris-android.git,agersant/polaris-android
https://github.com/rtreffer/LocalGSMLocationProvider.git,rtreffer/LocalGSMLocationProvider
https://github.com/btcontract/lnwallet.git,btcontract/lnwallet
https://github.com/shlusiak/Freebloks-Android.git,shlusiak/Freebloks-Android
https://github.com/bogkonstantin/android_income_sms_gateway_webhook.git,bogkonstantin/android_income_sms_gateway_webhook
https://github.com/gwhiteside/abstract-art.git,gwhiteside/abstract-art
https://github.com/SmartPack/BusyBox-Installer.git,SmartPack/BusyBox-Installer
https://github.com/johannesjo/super-productivity-android.git,johannesjo/super-productivity-android
https://github.com/danvratil/FBEventSync.git,danvratil/FBEventSync
https://github.com/punksta/volume_control_android.git,punksta/volume_control_android
https://github.com/SecUSo/privacy-friendly-wifi-manager.git,SecUSo/privacy-friendly-wifi-manager
https://github.com/fr3ts0n/AndrOBD-Plugin.git,fr3ts0n/AndrOBD-Plugin
https://github.com/notriddle/null-launcher.git,notriddle/null-launcher
https://github.com/markusfisch/Libra.git,markusfisch/Libra
https://github.com/bubelov/news.git,bubelov/news
https://github.com/mo3rfan/syncplayer.git,mo3rfan/syncplayer
https://github.com/berdosi/HeartBeat.git,berdosi/HeartBeat
https://github.com/aceventura82/AppsDisabler.git,aceventura82/AppsDisabler
https://github.com/lbryio/lbry-fdroid.git,lbryio/lbry-fdroid
https://github.com/Domi04151309/HomeApp.git,Domi04151309/HomeApp
https://github.com/proninyaroslav/libretrack.git,proninyaroslav/libretrack
https://github.com/benjaminaigner/aiproute.git,benjaminaigner/aiproute
https://github.com/BennyKok/PxerStudio.git,BennyKok/PxerStudio
https://github.com/OpenTracksApp/OSMDashboard.git,OpenTracksApp/OSMDashboard
https://github.com/RyuzakiKK/NoteCrypt.git,RyuzakiKK/NoteCrypt
https://github.com/lufte/lona.git,lufte/lona
https://github.com/fabienli/DokuwikiAndroid.git,fabienli/DokuwikiAndroid
https://github.com/subins2000/manglish.git,subins2000/manglish
https://github.com/xloem/qrstream.git,xloem/qrstream
https://github.com/ruleant/getback_gps.git,ruleant/getback_gps
https://github.com/apozas/contactdiary.git,apozas/contactdiary
https://github.com/micwallace/reddinator.git,micwallace/reddinator
https://github.com/Spikatrix/LRC-Editor.git,Spikatrix/LRC-Editor
https://github.com/textbrowser/smoke.git,textbrowser/smoke
https://github.com/dh4/WeatherRadar.git,dh4/WeatherRadar
https://github.com/ligi/MaterialTeaTimer.git,ligi/MaterialTeaTimer
https://github.com/freshollie/monkeyboard-radio-android.git,freshollie/monkeyboard-radio-android
https://github.com/CorruptedArk/open-chaos-chess.git,CorruptedArk/open-chaos-chess
https://github.com/nicolasbrailo/PianOli.git,nicolasbrailo/PianOli
https://github.com/domoritz/open-mensa-android.git,domoritz/open-mensa-android
https://github.com/fi3te/NotificationCron.git,fi3te/NotificationCron
https://github.com/raatmarien/chibe.git,raatmarien/chibe
https://github.com/AliceCA/Overchan-Android.git,AliceCA/Overchan-Android
https://github.com/Domi04151309/BatteryTool.git,Domi04151309/BatteryTool
https://github.com/MarcDonald/Hibi.git,MarcDonald/Hibi
https://github.com/KeikaiLauncher/KeikaiLauncher.git,KeikaiLauncher/KeikaiLauncher
https://github.com/mvmike/min-cal-widget.git,mvmike/min-cal-widget
https://github.com/HackMyChurch/aelf-dailyreadings.git,HackMyChurch/aelf-dailyreadings
https://github.com/AndorsTrailRelease/andors-trail.git,AndorsTrailRelease/andors-trail
https://github.com/janoliver/pOT-Droid.git,janoliver/pOT-Droid
https://github.com/Lacerte/clima.git,Lacerte/clima
https://github.com/TBog/TBLauncher.git,TBog/TBLauncher
https://github.com/maxistar/TextPad.git,maxistar/TextPad
https://github.com/gryphius/androdns.git,gryphius/androdns
https://github.com/Domi04151309/PodsCompanion.git,Domi04151309/PodsCompanion
https://github.com/SecUSo/privacy-friendly-food-tracker.git,SecUSo/privacy-friendly-food-tracker
https://github.com/jtsalva/cloudmare.git,jtsalva/cloudmare
https://github.com/cerisara/DragonGoApp.git,cerisara/DragonGoApp
https://github.com/openbmap/radiocells-nlp-android.git,openbmap/radiocells-nlp-android
https://github.com/niccokunzmann/mundraub-android.git,niccokunzmann/mundraub-android
https://github.com/fenimore/badreads.git,fenimore/badreads
https://github.com/nickdurante/Spider.git,nickdurante/Spider
https://github.com/tengel/AndroidPlanisphere.git,tengel/AndroidPlanisphere
https://github.com/arpruss/sendreduced.git,arpruss/sendreduced
https://github.com/sentienhq/Sentien-Launcher.git,sentienhq/Sentien-Launcher
https://github.com/matejdro/PebbleDialer-Android.git,matejdro/PebbleDialer-Android
https://github.com/calcitem/Sanmill.git,calcitem/Sanmill
https://github.com/Alcidauk/CineLog.git,Alcidauk/CineLog
https://github.com/jpeddicord/speedofsound.git,jpeddicord/speedofsound
https://github.com/RodrigoDavy/PixelArtist.git,RodrigoDavy/PixelArtist
https://github.com/kmac/mindfulnotifier.git,kmac/mindfulnotifier
https://github.com/frrahat/Quran-For-My-Android.git,frrahat/Quran-For-My-Android
https://github.com/AndreMiras/QrScan.git,AndreMiras/QrScan
https://github.com/TheLastProject/RaiseToAnswer.git,TheLastProject/RaiseToAnswer
https://github.com/rignaneseleo/SlimSocial-for-Twitter.git,rignaneseleo/SlimSocial-for-Twitter
https://github.com/jklmnn/ParkenDD.git,jklmnn/ParkenDD
https://github.com/tunjid/digilux-android.git,tunjid/digilux-android
https://github.com/olgamiller/SSTVEncoder2.git,olgamiller/SSTVEncoder2
https://github.com/takke/DataStats.git,takke/DataStats
https://github.com/k3b/LosslessJpgCrop.git,k3b/LosslessJpgCrop
https://github.com/yuttadhammo/BodhiTimer.git,yuttadhammo/BodhiTimer
https://github.com/git-elliot/vernet.git,git-elliot/vernet
https://github.com/Pygmalion69/OpenTopoMapViewer.git,Pygmalion69/OpenTopoMapViewer
https://github.com/markusfisch/PieLauncher.git,markusfisch/PieLauncher
https://github.com/SecUSo/privacy-friendly-passwordgenerator.git,SecUSo/privacy-friendly-passwordgenerator
https://github.com/FunkyMuse/SubHub.git,FunkyMuse/SubHub
https://github.com/bpeel/prevo.git,bpeel/prevo
https://github.com/jfilter/frag-den-staat-app.git,jfilter/frag-den-staat-app
https://github.com/MartiniMoe/MIDICtrl.git,MartiniMoe/MIDICtrl
https://github.com/MarquisLP/World-Scribe.git,MarquisLP/World-Scribe
https://github.com/retrowars/retrowars.git,retrowars/retrowars
https://github.com/noahjutz/Splitfit.git,noahjutz/Splitfit
https://github.com/abhinavmarwaha/curator.git,abhinavmarwaha/curator
https://github.com/trolley813/OpenFool.git,trolley813/OpenFool
https://github.com/sadr0b0t/yashlang.git,sadr0b0t/yashlang
https://github.com/OAndell/Riksdagskollen.git,OAndell/Riksdagskollen
https://github.com/BootBoi/android-app.git,BootBoi/android-app
https://github.com/billthefarmer/notes.git,billthefarmer/notes
https://github.com/R4md4c/GameDealz.git,R4md4c/GameDealz
https://github.com/zhanghai/TextSelectionWebSearch.git,zhanghai/TextSelectionWebSearch
https://github.com/developerfromjokela/motioneye-client.git,developerfromjokela/motioneye-client
https://github.com/brarcher/baby-sleep-sounds.git,brarcher/baby-sleep-sounds
https://github.com/fvasco/pinpoi.git,fvasco/pinpoi
https://github.com/abhinavmarwaha/wrotto-app.git,abhinavmarwaha/wrotto-app
https://github.com/SimoneTinella/Stato_COVID19_Italia_Android.git,SimoneTinella/Stato_COVID19_Italia_Android
https://github.com/MuntashirAkon/unapkm-android.git,MuntashirAkon/unapkm-android
https://github.com/mattvchandler/ProgressBars.git,mattvchandler/ProgressBars
https://github.com/JanmanX/EncryptTextApp.git,JanmanX/EncryptTextApp
https://github.com/yogeshpaliyal/KeyPass.git,yogeshpaliyal/KeyPass
https://github.com/SecUSo/privacy-friendly-torchlight.git,SecUSo/privacy-friendly-torchlight
https://github.com/DecentralizedAmateurPagingNetwork/DAPNETApp.git,DecentralizedAmateurPagingNetwork/DAPNETApp
https://github.com/Kestutis-Z/World-Weather.git,Kestutis-Z/World-Weather
https://github.com/LinwoodCloud/dev_doctor.git,LinwoodCloud/dev_doctor
https://github.com/Mookiies/CircoIconPack.git,Mookiies/CircoIconPack
https://github.com/luelista/friendica-for-android.git,luelista/friendica-for-android
https://github.com/Andrewerr/NextcloudServices.git,Andrewerr/NextcloudServices
https://github.com/gjedeer/Acastus.git,gjedeer/Acastus
https://github.com/akaessens/NoFbEventScraper.git,akaessens/NoFbEventScraper
https://github.com/MBach/LeMondeRssReader.git,MBach/LeMondeRssReader
https://github.com/wildeyedskies/Soft-Sound.git,wildeyedskies/Soft-Sound
https://github.com/beat-feet/beat-feet.git,beat-feet/beat-feet
https://github.com/gabm/FancyPlaces.git,gabm/FancyPlaces
https://github.com/TheMetallists/LoudBang.git,TheMetallists/LoudBang
https://github.com/0xpr03/VocableTrainer-Android.git,0xpr03/VocableTrainer-Android
https://github.com/impalex/knockonports.git,impalex/knockonports
https://github.com/SecUSo/privacy-friendly-werewolf.git,SecUSo/privacy-friendly-werewolf
https://github.com/Nyubis/Pomfshare.git,Nyubis/Pomfshare
https://github.com/k3b/LocationMapViewer.git,k3b/LocationMapViewer
https://github.com/privacybydesign/irmamobile.git,privacybydesign/irmamobile
https://github.com/ncosgray/cuppa_mobile.git,ncosgray/cuppa_mobile
https://github.com/tux4kids/Tuxpaint-Android.git,tux4kids/Tuxpaint-Android
https://github.com/Domi04151309/PowerApp.git,Domi04151309/PowerApp
https://github.com/ajh3/NoSurfForReddit.git,ajh3/NoSurfForReddit
https://github.com/Waboodoo/Status-Bar-Tachometer.git,Waboodoo/Status-Bar-Tachometer
https://github.com/SecUSo/privacy-friendly-interval-timer.git,SecUSo/privacy-friendly-interval-timer
https://github.com/SecUSo/privacy-friendly-memo-game.git,SecUSo/privacy-friendly-memo-game
https://github.com/retrobits/son_of_hunkypunk.git,retrobits/son_of_hunkypunk
https://github.com/skewyapp/skewy1-0.git,skewyapp/skewy1-0
https://github.com/btimofeev/instead-launcher-android.git,btimofeev/instead-launcher-android
https://github.com/ubipo/osmfocus.git,ubipo/osmfocus
https://github.com/MrReSc/Headi.git,MrReSc/Headi
https://github.com/richsmith/sexytopo.git,richsmith/sexytopo
https://github.com/Crazy-Marvin/Flashy.git,Crazy-Marvin/Flashy
https://github.com/SecUSo/privacy-friendly-pain-diary.git,SecUSo/privacy-friendly-pain-diary
https://github.com/MrDoomy/Torch.git,MrDoomy/Torch
https://github.com/sanderbaas/WeatherWidget.git,sanderbaas/WeatherWidget
https://github.com/SecUSo/privacy-friendly-ruler.git,SecUSo/privacy-friendly-ruler
https://github.com/scubajeff/Setter.git,scubajeff/Setter
https://github.com/mimoguz/tripeaks-gdx.git,mimoguz/tripeaks-gdx
https://github.com/vcmi/vcmi-android.git,vcmi/vcmi-android
https://github.com/red-coracle/episodes.git,red-coracle/episodes
https://github.com/kraigs-android/kraigsandroid.git,kraigs-android/kraigsandroid
https://github.com/CarnetApp/CarnetFdroid.git,CarnetApp/CarnetFdroid
https://github.com/aidin36/simpletextcrypt.git,aidin36/simpletextcrypt
https://github.com/eboudrant/net.ebt.muzei.miyazaki.git,eboudrant/net.ebt.muzei.miyazaki
https://github.com/Keidan/HexViewer.git,Keidan/HexViewer
https://github.com/jfoclpf/in-my-district.git,jfoclpf/in-my-district
https://github.com/babydots/babydots.git,babydots/babydots
https://github.com/Kr0oked/Compass.git,Kr0oked/Compass
https://github.com/fenimore/DemocracyDroid.git,fenimore/DemocracyDroid
https://github.com/abhijitvalluri/fitnotifications.git,abhijitvalluri/fitnotifications
https://github.com/kaaholst/android-squeezer.git,kaaholst/android-squeezer
https://github.com/pebble-dev/rebble-sideloader.git,pebble-dev/rebble-sideloader
https://github.com/brianhorn/Tunerly.git,brianhorn/Tunerly
https://github.com/theblackwidower/KanaQuiz.git,theblackwidower/KanaQuiz
https://github.com/bvlj/diab.git,bvlj/diab
https://github.com/fralik/Duorem.git,fralik/Duorem
https://github.com/muety/anchr-android.git,muety/anchr-android
https://github.com/ChristopherGittner/OSMBugs.git,ChristopherGittner/OSMBugs
https://github.com/SimonMarquis/SleepTimer.git,SimonMarquis/SleepTimer
https://github.com/rgex/UBIC-android-wallet.git,rgex/UBIC-android-wallet
https://github.com/hauke96/GeoNotes.git,hauke96/GeoNotes
https://github.com/albertvaka/bettercounter.git,albertvaka/bettercounter
https://github.com/gelin/weather-notification.git,gelin/weather-notification
https://github.com/JiriSko/amixer-webui-android.git,JiriSko/amixer-webui-android
https://github.com/scoute-dich/HHSMoodle.git,scoute-dich/HHSMoodle
https://github.com/zikalify/StoicReading.git,zikalify/StoicReading
https://github.com/sal0max/currencies.git,sal0max/currencies
https://github.com/RailwayStations/RSAndroidApp.git,RailwayStations/RSAndroidApp
https://github.com/DoubleGremlin181/WhatsApp-Twitch-Stickers.git,DoubleGremlin181/WhatsApp-Twitch-Stickers
https://github.com/samotari/paynoway.git,samotari/paynoway
https://github.com/KaeruCT/GLXY.git,KaeruCT/GLXY
https://github.com/0x5ECF4ULT/PanicTrigger.git,0x5ECF4ULT/PanicTrigger
https://github.com/rascarlo/PowerButtonTile.git,rascarlo/PowerButtonTile
https://github.com/ashutoshgngwr/10-bitClockWidget.git,ashutoshgngwr/10-bitClockWidget
https://github.com/cubei/flashcards.git,cubei/flashcards
https://github.com/fabmazz/Timber.git,fabmazz/Timber
https://github.com/devmil/muzei-bingimageoftheday.git,devmil/muzei-bingimageoftheday
https://github.com/OSRSHelper/OSRSHelper.git,OSRSHelper/OSRSHelper
https://github.com/SecUSo/privacy-friendly-dame.git,SecUSo/privacy-friendly-dame
https://github.com/SoltauFintel/blockpuzzle.git,SoltauFintel/blockpuzzle
https://github.com/HappyPeng2x/SumatoraDictionary.git,HappyPeng2x/SumatoraDictionary
https://github.com/FredJul/Warmd.git,FredJul/Warmd
https://github.com/JuliusHenke/Timetable-App.git,JuliusHenke/Timetable-App
https://github.com/ktt-ol/hacs.git,ktt-ol/hacs
https://github.com/dasbiswajit/worldclockwidget.git,dasbiswajit/worldclockwidget
https://github.com/tube42/9P.git,tube42/9P
https://github.com/Gitsaibot/AF-Weather-Widget.git,Gitsaibot/AF-Weather-Widget
https://github.com/Glitchy-Tozier/githo.git,Glitchy-Tozier/githo
https://github.com/basil2style/Sudoku-Pattern-Generator-App.git,basil2style/Sudoku-Pattern-Generator-App
https://github.com/brentvollebregt/price-per-unit.git,brentvollebregt/price-per-unit
https://github.com/OneTimePass/OneTimePass.git,OneTimePass/OneTimePass
https://github.com/bradyt/taskw-dart.git,bradyt/taskw-dart
https://github.com/czlee/debatekeeper.git,czlee/debatekeeper
https://github.com/marc136/tonuino-nfc-tools.git,marc136/tonuino-nfc-tools
https://github.com/vadret/android.git,vadret/android
https://github.com/daverix/urlforwarder.git,daverix/urlforwarder
https://github.com/mattvchandler/2050.git,mattvchandler/2050
https://github.com/wildeyedskies/log28.git,wildeyedskies/log28
https://github.com/wellenvogel/BonjourBrowser.git,wellenvogel/BonjourBrowser
https://github.com/SpiritCroc/DarkCroc-Android-theme.git,SpiritCroc/DarkCroc-Android-theme
https://github.com/warenix/Web2PDF.git,warenix/Web2PDF
https://github.com/zikalify/BMI_Calculator.git,zikalify/BMI_Calculator
https://github.com/podverse/podverse-fdroid.git,podverse/podverse-fdroid
https://github.com/Infomaniak/android-kDrive.git,Infomaniak/android-kDrive
https://github.com/xxxcucus/planes.git,xxxcucus/planes
https://github.com/felixwiemuth/SimpleReminder.git,felixwiemuth/SimpleReminder
https://github.com/dawidd6/AndTTT.git,dawidd6/AndTTT
https://github.com/xorum-io/open_money_tracker.git,xorum-io/open_money_tracker
https://github.com/nighthawk-apps/nighthawk-wallet-android.git,nighthawk-apps/nighthawk-wallet-android
https://github.com/WIStudent/FreifunkAutoConnectApp.git,WIStudent/FreifunkAutoConnectApp
https://github.com/adolfintel/DozeOff.git,adolfintel/DozeOff
https://github.com/ktprograms/Ohms_Now.git,ktprograms/Ohms_Now
https://github.com/patrickkostjens/Kandroid.git,patrickkostjens/Kandroid
https://github.com/WooKeyWallet/monero-wallet-android-app.git,WooKeyWallet/monero-wallet-android-app
https://github.com/andstatus/game2048.git,andstatus/game2048
https://github.com/niccokunzmann/coloring-book.git,niccokunzmann/coloring-book
https://github.com/marunjar/anewjkuapp.git,marunjar/anewjkuapp
https://github.com/Forceu/barcodebuddy-android.git,Forceu/barcodebuddy-android
https://github.com/CNugteren/NLWeer.git,CNugteren/NLWeer
https://github.com/eknoes/golem-android-reader.git,eknoes/golem-android-reader
https://github.com/vukani-dev/improvement-roll.git,vukani-dev/improvement-roll
https://github.com/Y0ngg4n/fluffy_board.git,Y0ngg4n/fluffy_board
https://github.com/CorruptedArk/did-i-take-my-meds.git,CorruptedArk/did-i-take-my-meds
https://github.com/GittyMac/WalletCount.git,GittyMac/WalletCount
https://github.com/brarcher/gift-card-guard.git,brarcher/gift-card-guard
https://github.com/knirirr/BeeCount.git,knirirr/BeeCount
https://github.com/SecUSo/privacy-friendly-finance-manager.git,SecUSo/privacy-friendly-finance-manager
https://github.com/twentynine78/KeepOn.git,twentynine78/KeepOn
https://github.com/SecUSo/privacy-friendly-minesweeper.git,SecUSo/privacy-friendly-minesweeper
https://github.com/kwantam/batsHIIT.git,kwantam/batsHIIT
https://github.com/Marmo/debitum.git,Marmo/debitum
https://github.com/joshuawolfsohn/Private-DNS-Quick-Tile.git,joshuawolfsohn/Private-DNS-Quick-Tile
https://github.com/h0chi/next-companion.git,h0chi/next-companion
https://github.com/Danesprite/tts-util-app.git,Danesprite/tts-util-app
https://github.com/lowtraxx/TSVNC.git,lowtraxx/TSVNC
https://github.com/vanilla-music/vanilla-music-lyrics-search.git,vanilla-music/vanilla-music-lyrics-search
https://github.com/AndroidFromFrankfurt/linuxnews.git,AndroidFromFrankfurt/linuxnews
https://github.com/TheLastProject/ShareToInputStick.git,TheLastProject/ShareToInputStick
https://github.com/Sw24Softwares/StarkeVerben.git,Sw24Softwares/StarkeVerben
https://github.com/peercoin/peercoin_flutter.git,peercoin/peercoin_flutter
https://github.com/daniel-beckham/nasa-imagery-fetcher.git,daniel-beckham/nasa-imagery-fetcher
https://github.com/vanilla-music/vanilla-music-tag-editor.git,vanilla-music/vanilla-music-tag-editor
https://github.com/vanitasvitae/EnigmAndroid.git,vanitasvitae/EnigmAndroid
https://github.com/yourealwaysbe/forkyz.git,yourealwaysbe/forkyz
https://github.com/communitymedia/mediaphone.git,communitymedia/mediaphone
https://github.com/cvzi/darkmodewallpaper.git,cvzi/darkmodewallpaper
https://github.com/mirfatif/NoorUlHuda.git,mirfatif/NoorUlHuda
https://github.com/XDDK/LightPlan.git,XDDK/LightPlan
https://github.com/infinyte7/Anki-Occlusion.git,infinyte7/Anki-Occlusion
https://github.com/5seunghoon/PreviewMaker.git,5seunghoon/PreviewMaker
https://github.com/c4dt/dp3t-app-android-ch.git,c4dt/dp3t-app-android-ch
https://github.com/EvilInsultGenerator/android-app.git,EvilInsultGenerator/android-app
https://github.com/qw123wh/Aospdeskclock.git,qw123wh/Aospdeskclock
https://github.com/nishant-boro/split-it-easy-android.git,nishant-boro/split-it-easy-android
https://github.com/simenheg/simple-chess-clock.git,simenheg/simple-chess-clock
https://github.com/Willena/OpenDNSUpdater.git,Willena/OpenDNSUpdater
https://github.com/UnifiedPush/gotify-android.git,UnifiedPush/gotify-android
https://github.com/svenjacobs/leon.git,svenjacobs/leon
https://github.com/rocboronat/null-black-wallpaper.git,rocboronat/null-black-wallpaper
https://github.com/starryalley/AmbitSync.git,starryalley/AmbitSync
https://github.com/scintill/DuOTP-android.git,scintill/DuOTP-android
https://github.com/ClassicDIY/ClassicMonitor.git,ClassicDIY/ClassicMonitor
https://github.com/sensebox/blockly-app.git,sensebox/blockly-app
https://github.com/eldy/DoliDroid.git,eldy/DoliDroid
https://github.com/chrismiceli/motp.git,chrismiceli/motp
https://github.com/brarcher/rental-calc.git,brarcher/rental-calc
https://github.com/TripSit/tripmobile.git,TripSit/tripmobile
https://github.com/phw/PicardBarcodeScanner.git,phw/PicardBarcodeScanner
https://github.com/SecUSo/privacy-friendly-reckoning-skills.git,SecUSo/privacy-friendly-reckoning-skills
https://github.com/restorer/fire-strike.git,restorer/fire-strike
https://github.com/SecUSo/privacy-friendly-dicer.git,SecUSo/privacy-friendly-dicer
https://github.com/SecUSo/privacy-friendly-pausing-healthily.git,SecUSo/privacy-friendly-pausing-healthily
https://github.com/SecUSo/privacy-friendly-pin-mnemonic.git,SecUSo/privacy-friendly-pin-mnemonic
https://github.com/tim-smart/vouchervault.git,tim-smart/vouchervault
https://github.com/SecUSo/privacy-friendly-sketching.git,SecUSo/privacy-friendly-sketching
https://github.com/MrDoomy/OverFlow.git,MrDoomy/OverFlow
https://github.com/luelista/LDAP-Sync.git,luelista/LDAP-Sync
https://github.com/namlit/siteswap_generator.git,namlit/siteswap_generator
https://github.com/AnaelMobilia/NextINpact-Unofficial.git,AnaelMobilia/NextINpact-Unofficial
https://github.com/ndleyton/OneTwo.git,ndleyton/OneTwo
https://github.com/SecUSo/privacy-friendly-2048.git,SecUSo/privacy-friendly-2048
https://github.com/abhinandanarya06/SHELL.git,abhinandanarya06/SHELL
https://github.com/pretix/pretixscan-android.git,pretix/pretixscan-android
https://github.com/forrestguice/SuntimesCalendars.git,forrestguice/SuntimesCalendars
https://github.com/queler/holokenmod.git,queler/holokenmod
https://github.com/fistons/TinyTinyFeed.git,fistons/TinyTinyFeed
https://github.com/ramzan/Virtuosity.git,ramzan/Virtuosity
https://github.com/nikolajakshic/dagger.git,nikolajakshic/dagger
https://github.com/mrahimygk/conceal.git,mrahimygk/conceal
https://github.com/SecUSo/privacy-friendly-tape-measure.git,SecUSo/privacy-friendly-tape-measure
https://github.com/wa2c/cifs-documents-provider.git,wa2c/cifs-documents-provider
https://github.com/adolfintel/sine-android.git,adolfintel/sine-android
https://github.com/hoihei/Silectric.git,hoihei/Silectric
https://github.com/apesic/rpncalc.git,apesic/rpncalc
https://github.com/ReleaseStandard/ScriptManager.git,ReleaseStandard/ScriptManager
https://github.com/devasworski/Corona-Info.git,devasworski/Corona-Info
https://github.com/thetwom/Tuner.git,thetwom/Tuner
https://github.com/Harvie/NorthDog.git,Harvie/NorthDog
https://github.com/joaomneto/TitanCompanion.git,joaomneto/TitanCompanion
https://github.com/jdfossapps/shop-with-mom.git,jdfossapps/shop-with-mom
https://github.com/jaredforrest/nonocross.git,jaredforrest/nonocross
https://github.com/benjaminSchilling33/congress_fahrplan.git,benjaminSchilling33/congress_fahrplan
https://github.com/indiandragon/Shellshock-Vulnerability-Scan.git,indiandragon/Shellshock-Vulnerability-Scan
https://github.com/characterdog/share-my-number.git,characterdog/share-my-number
https://github.com/mirfatif/MyLocation.git,mirfatif/MyLocation
https://github.com/chrismiceli/daap-client.git,chrismiceli/daap-client
https://github.com/carlphilipp/chicago-commutes.git,carlphilipp/chicago-commutes
https://github.com/characterdog/bmi-calculator.git,characterdog/bmi-calculator
https://github.com/enguerrand/child-monitor.git,enguerrand/child-monitor
https://github.com/manimaran96/Spell4Wiki.git,manimaran96/Spell4Wiki
https://github.com/Shirakumo/Ocelot.git,Shirakumo/Ocelot
https://github.com/hugomg/DailyPill.git,hugomg/DailyPill
https://github.com/fraygeyst/Contactbook.git,fraygeyst/Contactbook
https://github.com/tsapree/L9Droid.git,tsapree/L9Droid
https://github.com/ManeraKai/simplytranslate_mobile.git,ManeraKai/simplytranslate-flutter-client
https://github.com/aragaer/jtt_android.git,aragaer/jtt_android
https://github.com/gujjwal00/avnc.git,gujjwal00/avnc
https://github.com/sultanahamer/PermissionsManager.git,sultanahamer/PermissionsManager
https://github.com/tabletradio/altlauncher.git,tabletradio/altlauncher
https://github.com/mileskrell/text-torch.git,mileskrell/text-torch
https://github.com/SecUSo/privacy-friendly-dice-game.git,SecUSo/privacy-friendly-dice-game
https://github.com/ramzan/DiceGainz.git,ramzan/DiceGainz
https://github.com/pR0Ps/DisableBatteryWarnings.git,pR0Ps/DisableBatteryWarnings
https://github.com/phrogg/DSAAssistant.git,phrogg/DSAAssistant
https://github.com/phrogg/GetMiTokens.git,phrogg/GetMiTokens
https://github.com/JohnLines/mediclog.git,JohnLines/mediclog
https://github.com/Bubu/android-dice-game.git,Bubu/android-dice-game
https://github.com/vanilla-music/vanilla-music-cover-fetch.git,vanilla-music/vanilla-music-cover-fetch
https://github.com/CodeDead/DeadHash-android.git,CodeDead/DeadHash-android
https://github.com/MarcoSpoerl/simply-pace.git,MarcoSpoerl/simply-pace
https://github.com/marcopar/SliderSynth.git,marcopar/SliderSynth
https://github.com/SecUSo/privacy-friendly-solitaire.git,SecUSo/privacy-friendly-solitaire
https://github.com/corenting/InflationCalculator.git,corenting/InflationCalculator
https://github.com/yauhen-l/gardine.git,yauhen-l/gardine
https://github.com/rosenpin/screenshot-sharer.git,rosenpin/screenshot-sharer
https://github.com/LithiumSR/openstud_client.git,LithiumSR/openstud_client
https://github.com/andviane/prism.git,andviane/prism
https://github.com/zouroboros/feed-watcher.git,zouroboros/feed-watcher
https://github.com/tmo1/sms-ie.git,tmo1/sms-ie
https://github.com/jonathanklee/VolumeLockr.git,jonathanklee/VolumeLockr
https://github.com/josephmoyer/Hangman-Android.git,josephmoyer/Hangman-Android
https://github.com/ktprograms/WaterTracker.git,ktprograms/WaterTracker
https://github.com/lavabit/pahoehoe.git,lavabit/pahoehoe
https://github.com/NathanielMotus/UmlClassEditor.git,NathanielMotus/UmlClassEditor
https://github.com/GaryOderNichts/SimpleAppDowngrader.git,GaryOderNichts/SimpleAppDowngrader
https://github.com/meteocool/android.git,meteocool/android
https://github.com/meyerd/funktrainer.git,meyerd/funktrainer
https://github.com/sanskritbscs/memory.git,sanskritbscs/memory
https://github.com/dfrits/MobilePauker2.git,dfrits/MobilePauker2
https://github.com/timo-a/SudoQ.git,timo-a/SudoQ
https://github.com/pla1/FediPhoto.git,pla1/FediPhoto
https://github.com/chaosdorf/meteroid.git,chaosdorf/meteroid
https://github.com/PierreBresson/Cause-Commune.git,PierreBresson/Cause-Commune
https://github.com/jevonlongdell/nztides.git,jevonlongdell/nztides
https://github.com/docspell/android-client.git,docspell/android-client
https://github.com/LinDevHard/raspb-finder.git,LinDevHard/raspb-finder
https://github.com/jazzm0/ssh-daemon.git,jazzm0/ssh-daemon
https://github.com/Reepeecheep/NumberGuesser.git,Reepeecheep/NumberGuesser
https://github.com/allan-simon/verbiste-android.git,allan-simon/verbiste-android
https://github.com/leinardi/UbuntuCountdownWidget.git,leinardi/UbuntuCountdownWidget
https://github.com/ktsr42/RsyncServerApp.git,ktsr42/RsyncServerApp
https://github.com/zouroboros/filmchecker.git,zouroboros/filmchecker
https://github.com/kb-1000/android-torchlight.git,kb-1000/android-torchlight
https://github.com/justdave/nwsweatheralertswidget.git,justdave/nwsweatheralertswidget
https://github.com/nelenkov/wwwjdic.git,nelenkov/wwwjdic
https://github.com/gregordr/Mining-Helper-for-EVE-Online.git,gregordr/Mining-Helper-for-EVE-Online
https://github.com/ntruchsess/send2car.git,ntruchsess/send2car
https://github.com/quaddy-services/DynamicNightLight.git,quaddy-services/DynamicNightLight
https://github.com/GittyMac/MoClock.git,GittyMac/MoClock
https://github.com/stastnypremysl/Mines3D.git,stastnypremysl/Mines3D
https://github.com/onitake/kanjirecog.git,onitake/kanjirecog
https://github.com/lucasew/limpazap.git,lucasew/limpazap
https://github.com/machiav3lli/DerDieDas.git,machiav3lli/DerDieDas
https://github.com/heb12/heb12-mobile.git,heb12/heb12-mobile
https://github.com/Piraten-Tools/spickerrr.git,Piraten-Tools/spickerrr
https://github.com/YacGroup/yacguide.git,YacGroup/yacguide
https://github.com/rnauber/xskat-android.git,rnauber/xskat-android
https://github.com/WKenya/bookmarkOS.git,WKenya/bookmarkOS
https://github.com/deftkHD/OpenWebWeaver-Android.git,deftkHD/OpenWebWeaver-Android
https://github.com/TylerWilliamson/QuickWeather.git,TylerWilliamson/QuickWeather
https://github.com/caresteouvert/caresteouvert_android.git,caresteouvert/caresteouvert_android
https://github.com/dozingcat/Kumquats.git,dozingcat/Kumquats
https://github.com/mueller-ma/PrepaidBalance.git,mueller-ma/PrepaidBalance
https://github.com/jdmonin/anstop.git,jdmonin/anstop
https://github.com/saiga006/message-finder.git,saiga006/message-finder
https://github.com/obfusk/sokobang.git,obfusk/sokobang
https://github.com/jeremymarch/HopliteKB-Android.git,jeremymarch/HopliteKB-Android
https://github.com/mzhang/cleanTimer.git,mzhang/cleanTimer
https://github.com/sschueller/easyrepost.git,sschueller/easyrepost
https://github.com/seoulcodingcafe/HashEasily.git,seoulcodingcafe/HashEasily
https://github.com/StefanOltmann/Kaesekaestchen.git,StefanOltmann/Kaesekaestchen
https://github.com/mathisdt/sdbviewer.git,mathisdt/sdbviewer
https://github.com/NoProvider2Push/android.git,NoProvider2Push/android
https://github.com/SecUSo/privacy-friendly-boardgame-clock.git,SecUSo/privacy-friendly-boardgame-clock
https://github.com/SecUSo/privacy-friendly-circuit-training-exercises.git,SecUSo/privacy-friendly-circuit-training-exercises
https://github.com/MarcelJurtz/LifeCounter.git,MarcelJurtz/LifeCounter
https://github.com/artyommironov/nanji.git,artyommironov/nanji
https://github.com/Valodim/Stratum0Widget.git,Valodim/Stratum0Widget
https://github.com/EmmanuelMess/DeadlinesApp.git,EmmanuelMess/DeadlinesApp
https://github.com/corenting/ParisTransportTraffic.git,corenting/ParisTransportTraffic
https://github.com/handyopensource/HOSDVK-EasyPhone.git,handyopensource/HOSDVK-EasyPhone
https://github.com/famoser/Mensa.git,famoser/Mensa
https://github.com/hadeutscher/HaRail_Android.git,hadeutscher/HaRail_Android
https://github.com/techie66/EngineDataLogger---Dashboard.git,techie66/EngineDataLogger---Dashboard
https://github.com/OtobiKB/OtobiKeyboard.git,OtobiKB/OtobiKeyboard
https://github.com/gkalab/scidonthego.git,gkalab/scidonthego
https://github.com/zorgluf/souvenirs-android.git,zorgluf/souvenirs-android
https://github.com/VincentAudibert/CanIDrive.git,VincentAudibert/CanIDrive
https://github.com/caarmen/nounours-android.git,caarmen/nounours-android
https://github.com/VivekThazhathattil/dekadico.git,VivekThazhathattil/dekadico
https://github.com/arpruss/simplestopwatch.git,arpruss/simplestopwatch
https://github.com/pjuu/droidotter.git,pjuu/droidotter
https://github.com/seoulcodingcafe/IsMyWebsiteUp.git,seoulcodingcafe/IsMyWebsiteUp
https://github.com/renyuneyun/ColorSniffer.git,renyuneyun/ColorSniffer
https://github.com/bibledit/android.git,bibledit/android
https://github.com/EmmanuelMess/ItsDicey.git,EmmanuelMess/ItsDicey
https://github.com/decred/dcraddrscanner.git,decred/dcraddrscanner
https://github.com/akvo/akvo-rsr-up.git,akvo/akvo-rsr-up
https://github.com/phrogg/BatteryCalibrator.git,phrogg/BatteryCalibrator
https://github.com/HassanHeydariNasab/atop-react-native.git,HassanHeydariNasab/atop-react-native
https://github.com/HassanHeydariNasab/2-player-battle.git,HassanHeydariNasab/2-player-battle
https://github.com/mrieker/WairToNow.git,mrieker/WairToNow
https://github.com/xvzan/SimpleMoneyTracker.git,xvzan/SimpleMoneyTracker
https://github.com/mrksbrg/RacketGhost.git,mrksbrg/RacketGhost
https://github.com/xvello/salasana-android.git,xvello/salasana-android
https://github.com/20Nick/OPMT.git,20Nick/OPMT
https://github.com/mueller-ma/TabletopTools.git,mueller-ma/TabletopTools
https://github.com/Rudloff/lineageos-updater-shortcut.git,Rudloff/lineageos-updater-shortcut
https://github.com/woffs/tazapp-android.git,woffs/tazapp-android
https://github.com/UnifiedPush/android-example.git,UnifiedPush/android-example
https://github.com/marv42/EbtNewNote.git,marv42/EbtNewNote
https://github.com/Webierta/ahorcandroid.git,Webierta/ahorcandroid
https://github.com/VivekThazhathattil/Chalachithram.git,VivekThazhathattil/Chalachithram
https://github.com/nicolasbrailo/VlcFreemote.git,nicolasbrailo/VlcFreemote
https://github.com/tycrek/lametric-notify-plus.git,tycrek/lametric-notify-plus
https://github.com/pterodactylus42/ccgt.git,pterodactylus42/ccgt
https://github.com/pretix/pretixprint-android.git,pretix/pretixprint-android
https://github.com/grmpl/StepandHeightcounter.git,grmpl/StepandHeightcounter
https://github.com/jfcolom/rosary.git,jfcolom/rosary
https://github.com/odrevet/kingdomino_score.git,odrevet/kingdomino_score
https://github.com/soumikshah/Plutus-InvestmentTracker.git,soumikshah/Plutus-InvestmentTracker
https://github.com/obfusk/nl-covid19-coronacheck-app-android.git,obfusk/nl-covid19-coronacheck-app-android
https://github.com/baturkey/Balance-the-Ball.git,baturkey/Balance-the-Ball
https://github.com/francoisfds/BikeSharingHub.git,francoisfds/BikeSharingHub
https://github.com/encointer/encointer-wallet-flutter.git,encointer/encointer-wallet-flutter
https://github.com/eoineoineoin/ecwt.git,eoineoineoin/ecwt
https://github.com/Mystro256/autooffbluetooth.git,Mystro256/autooffbluetooth
https://github.com/Amerlander/Calliope-Android-App.git,Amerlander/Calliope-Android-App
https://github.com/ATryder/HIIT.git,ATryder/HIIT
https://github.com/Px3XjG6P/NetflixtoIMDb.git,Px3XjG6P/NetflixtoIMDb
https://github.com/NathanielMotus/Cavevin.git,NathanielMotus/Cavevin
https://github.com/xavier-gz/singal.git,xavier-gz/singal
https://github.com/cetoolbox/cetoolbox.git,cetoolbox/cetoolbox
https://github.com/Webierta/call-counter.git,Webierta/call-counter
https://github.com/collideorscopeapps/codename_hippopotamos.git,collideorscopeapps/codename_hippopotamos
https://github.com/yardenac/comaphone.git,yardenac/comaphone
https://github.com/De7vID/klingon-assistant-android.git,De7vID/klingon-assistant-android
https://github.com/evilrobot69/code.git,evilrobot69/code
https://github.com/gelin/send-to-sd.git,gelin/send-to-sd
https://github.com/rsteube/t4-launcher.git,rsteube/t4-launcher
https://github.com/jithware/brethap.git,jithware/brethap
https://github.com/seoulcodingcafe/Installalogs.git,seoulcodingcafe/Installalogs
https://github.com/siggel/coordinatejoker.git,siggel/coordinatejoker
https://github.com/ThaChillera/CardScore.git,ThaChillera/CardScore
https://github.com/woheller69/eggtimer.git,woheller69/eggtimer
https://github.com/Viatorus/neo2-external-keyboard.git,Viatorus/neo2-external-keyboard
https://github.com/bossly/uaTranslit.git,bossly/uaTranslit
https://github.com/scoutant/rpn.git,scoutant/rpn
https://github.com/diblui/fullcolemak.git,diblui/fullcolemak
https://github.com/DJAndries/portknocker-android.git,DJAndries/portknocker-android
https://github.com/JonasBernard/TU-Darmstadt-Moodle-Wrapper.git,JonasBernard/TU-Darmstadt-Moodle-Wrapper
https://github.com/hallogallo/totalog.git,hallogallo/totalog
https://github.com/HashEngineeringSolutions/dash-wallet.git,HashEngineeringSolutions/dash-wallet
https://github.com/HenriDellal/weather-overview.git,HenriDellal/weather-overview
https://github.com/andrewshadura/soundbored.git,andrewshadura/soundbored
https://github.com/niccokunzmann/HanumanChalisa.git,niccokunzmann/HanumanChalisa
https://github.com/ailin-nemui/Primary.git,ailin-nemui/Primary
