url,name,java_files,test_files
https://github.com/zxing/zxing.git,zxing/zxing,507.0,15
https://github.com/topjohnwu/Magisk.git,topjohnwu/Magisk,27.0,0
https://github.com/jitsi/jitsi-meet.git,jitsi/jitsi-meet,55.0,1
https://github.com/TeamNewPipe/NewPipe.git,TeamNewPipe/NewPipe,297.0,10
https://github.com/tachiyomiorg/tachiyomi.git,tachiyomiorg/tachiyomi,0.0,0
https://github.com/xbmc/xbmc.git,xbmc/xbmc,13.0,0
https://github.com/Anuken/Mindustry.git,Anuken/Mindustry,640.0,5
https://github.com/android-hacker/VirtualXposed.git,android-hacker/VirtualXposed,551.0,0
https://github.com/pockethub/PocketHub.git,pockethub/PocketHub,191.0,27
https://github.com/termux/termux-app.git,termux/termux-app,149.0,21
https://github.com/koreader/koreader.git,koreader/koreader,0.0,0
https://github.com/dolphin-emu/dolphin.git,dolphin-emu/dolphin,156.0,0
https://github.com/hrydgard/ppsspp.git,hrydgard/ppsspp,23.0,0
https://github.com/minetest/minetest.git,minetest/minetest,5.0,0
https://github.com/k9mail/k-9.git,k9mail/k-9,450.0,80
https://github.com/samuelclay/NewsBlur.git,samuelclay/NewsBlur,173.0,0
https://github.com/FreeRDP/FreeRDP.git,FreeRDP/FreeRDP,40.0,0
https://github.com/mozilla-mobile/fenix.git,mozilla-mobile/fenix,2.0,1
https://github.com/lesspass/lesspass.git,lesspass/lesspass,7.0,1
https://github.com/iSoron/uhabits.git,iSoron/uhabits,26.0,0
https://github.com/muzei/muzei.git,muzei/muzei,5.0,0
https://github.com/ankidroid/Anki-Android.git,ankidroid/Anki-Android,524.0,174
https://github.com/tutao/tutanota.git,tutao/tutanota,67.0,6
https://github.com/ThirtyDegreesRay/OpenHub.git,ThirtyDegreesRay/OpenHub,313.0,2
https://github.com/badaix/snapcast.git,badaix/snapcast,0.0,0
https://github.com/iNPUTmice/Conversations.git,iNPUTmice/Conversations,394.0,0
https://github.com/AntennaPod/AntennaPod.git,AntennaPod/AntennaPod,504.0,53
https://github.com/TeamAmaze/AmazeFileManager.git,TeamAmaze/AmazeFileManager,276.0,49
https://github.com/M66B/NetGuard.git,M66B/NetGuard,40.0,0
https://github.com/moezbhatti/qksms.git,moezbhatti/qksms,146.0,0
https://github.com/AdAway/AdAway.git,AdAway/AdAway,126.0,4
https://github.com/supertuxkart/stk-code.git,supertuxkart/stk-code,3.0,0
https://github.com/status-im/status-react.git,status-im/status-react,14.0,0
https://github.com/andOTP/andOTP.git,andOTP/andOTP,71.0,2
https://github.com/owncloud/android.git,owncloud/android,127.0,8
https://github.com/osmandapp/OsmAnd.git,osmandapp/OsmAnd,1825.0,13
https://github.com/jackpal/Android-Terminal-Emulator.git,jackpal/Android-Terminal-Emulator,68.0,4
https://github.com/organicmaps/organicmaps.git,organicmaps/organicmaps,424.0,0
https://github.com/SimpleMobileTools/Simple-Calendar.git,SimpleMobileTools/Simple-Calendar,0.0,0
https://github.com/bitcoin-wallet/bitcoin-wallet.git,bitcoin-wallet/bitcoin-wallet,158.0,6
https://github.com/kabouzeid/Phonograph.git,kabouzeid/Phonograph,205.0,0
https://github.com/ikarus23/MifareClassicTool.git,ikarus23/MifareClassicTool,28.0,0
https://github.com/nextcloud/android.git,nextcloud/android,518.0,8
https://github.com/yairm210/Unciv.git,yairm210/Unciv,2.0,0
https://github.com/OGRECave/ogre.git,OGRECave/ogre,3.0,0
https://github.com/SagerNet/SagerNet.git,SagerNet/SagerNet,43.0,0
https://github.com/TwidereProject/Twidere-Android.git,TwidereProject/Twidere-Android,499.0,0
https://github.com/beemdevelopment/Aegis.git,beemdevelopment/Aegis,179.0,12
https://github.com/M66B/FairEmail.git,M66B/FairEmail,665.0,0
https://github.com/streetcomplete/StreetComplete.git,streetcomplete/StreetComplete,5.0,1
https://github.com/federicoiosue/Omni-Notes.git,federicoiosue/Omni-Notes,192.0,38
https://github.com/blokadaorg/blokada.git,blokadaorg/blokada,0.0,0
https://github.com/schwabe/ics-openvpn.git,schwabe/ics-openvpn,99.0,5
https://github.com/fossasia/susi_android.git,fossasia/susi_android,17.0,0
https://github.com/osmdroid/osmdroid.git,osmdroid/osmdroid,599.0,49
https://github.com/helio-fm/helio-workstation.git,helio-fm/helio-workstation,0.0,0
https://github.com/timusus/Shuttle.git,timusus/Shuttle,459.0,1
https://github.com/hidroh/materialistic.git,hidroh/materialistic,166.0,31
https://github.com/CypherpunkArmory/UserLAnd.git,CypherpunkArmory/UserLAnd,43.0,18
https://github.com/duckduckgo/Android.git,duckduckgo/Android,4.0,8
https://github.com/subsurface/subsurface.git,subsurface/subsurface,2.0,0
https://github.com/SimpleMobileTools/Simple-Gallery.git,SimpleMobileTools/Simple-Gallery,0.0,0
https://github.com/orgzly/orgzly-android.git,orgzly/orgzly-android,107.0,33
https://github.com/ukanth/afwall.git,ukanth/afwall,104.0,0
https://github.com/JakeWharton/SdkSearch.git,JakeWharton/SdkSearch,0.0,0
https://github.com/Neamar/KISS.git,Neamar/KISS,139.0,6
https://github.com/fossasia/pslab-android.git,fossasia/pslab-android,176.0,0
https://github.com/AnySoftKeyboard/AnySoftKeyboard.git,AnySoftKeyboard/AnySoftKeyboard,549.0,156
https://github.com/android-password-store/Android-Password-Store.git,android-password-store/Android-Password-Store,0.0,0
https://github.com/florisboard/florisboard.git,florisboard/florisboard,0.0,0
https://github.com/fossasia/open-event-attendee-android.git,fossasia/open-event-attendee-android,2.0,1
https://github.com/Kunzisoft/KeePassDX.git,Kunzisoft/KeePassDX,6.0,0
https://github.com/tasks/tasks.git,tasks/tasks,126.0,0
https://github.com/anthonycr/Lightning-Browser.git,anthonycr/Lightning-Browser,26.0,0
https://github.com/mullvad/mullvadvpn-app.git,mullvad/mullvadvpn-app,0.0,0
https://github.com/julian-klode/dns66.git,julian-klode/dns66,39.0,11
https://github.com/syncthing/syncthing-android.git,syncthing/syncthing-android,73.0,0
https://github.com/connectbot/connectbot.git,connectbot/connectbot,88.0,7
https://github.com/fossasia/open-event-organizer-android.git,fossasia/open-event-organizer-android,497.0,78
https://github.com/gsantner/markor.git,gsantner/markor,164.0,15
https://github.com/fossasia/badge-magic-android.git,fossasia/badge-magic-android,0.0,0
https://github.com/fossasia/neurolab-android.git,fossasia/neurolab-android,108.0,3
https://github.com/jberkel/sms-backup-plus.git,jberkel/sms-backup-plus,143.0,36
https://github.com/Shabinder/SpotiFlyer.git,Shabinder/SpotiFlyer,10.0,0
https://github.com/open-keychain/open-keychain.git,open-keychain/open-keychain,535.0,45
https://github.com/scummvm/scummvm.git,scummvm/scummvm,20.0,0
https://github.com/Haptic-Apps/Slide.git,ccrama/Slide,358.0,5
https://github.com/PaulWoitaschek/Voice.git,PaulWoitaschek/Voice,0.0,0
https://github.com/zhanghai/MaterialFiles.git,zhanghai/MaterialFiles,8.0,0
https://github.com/wikimedia/apps-android-wikipedia.git,wikimedia/apps-android-wikipedia,37.0,23
https://github.com/vector-im/element-android.git,vector-im/element-android,14.0,0
https://github.com/00-Evan/shattered-pixel-dungeon.git,00-Evan/shattered-pixel-dungeon,1061.0,0
https://github.com/mendhak/gpslogger.git,mendhak/gpslogger,126.0,20
https://github.com/MusicPlayerDaemon/MPD.git,MusicPlayerDaemon/MPD,5.0,0
https://github.com/VREMSoftwareDevelopment/WiFiAnalyzer.git,VREMSoftwareDevelopment/WiFiAnalyzer,1.0,0
https://github.com/Mygod/VPNHotspot.git,Mygod/VPNHotspot,0.0,0
https://github.com/M66B/XPrivacyLua.git,M66B/XPrivacyLua,85.0,0
https://github.com/BOINC/boinc.git,BOINC/boinc,15.0,0
https://github.com/moonlight-stream/moonlight-android.git,moonlight-stream/moonlight-android,107.0,0
https://github.com/j4velin/Pedometer.git,j4velin/Pedometer,23.0,0
https://github.com/Telegram-FOSS-Team/Telegram-FOSS.git,Telegram-FOSS-Team/Telegram-FOSS,1732.0,1
https://github.com/RetroShare/RetroShare.git,RetroShare/RetroShare,9.0,0
https://github.com/bpellin/keepassdroid.git,bpellin/keepassdroid,250.0,14
https://github.com/osfans/trime.git,osfans/trime,21.0,1
https://github.com/QuantumBadger/RedReader.git,QuantumBadger/RedReader,398.0,12
https://github.com/strongswan/strongswan.git,strongswan/strongswan,75.0,4
https://github.com/slapperwan/gh4a.git,slapperwan/gh4a,225.0,1
https://github.com/RocketChat/Rocket.Chat.ReactNative.git,RocketChat/Rocket.Chat.ReactNative,19.0,0
https://github.com/klausw/hackerskeyboard.git,klausw/hackerskeyboard,44.0,0
https://github.com/dslul/openboard.git,dslul/openboard,232.0,1
https://github.com/Etar-Group/Etar-Calendar.git,Etar-Group/Etar-Calendar,101.0,4
https://github.com/project-travel-mate/Travel-Mate.git,project-travel-mate/Travel-Mate,159.0,2
https://github.com/tuskyapp/Tusky.git,tuskyapp/Tusky,53.0,0
https://github.com/Sangwan5688/BlackHole.git,Sangwan5688/BlackHole,0.0,0
https://github.com/BlueWallet/BlueWallet.git,BlueWallet/BlueWallet,4.0,1
https://github.com/limboemu/limbo.git,limboemu/limbo,51.0,0
https://github.com/SkyTubeTeam/SkyTube.git,SkyTubeTeam/SkyTube,185.0,1
https://github.com/Docile-Alligator/Infinity-For-Reddit.git,Docile-Alligator/Infinity-For-Reddit,458.0,0
https://github.com/kubenav/kubenav.git,kubenav/kubenav,5.0,2
https://github.com/Aefyr/SAI.git,Aefyr/SAI,252.0,0
https://github.com/OpenLauncherTeam/openlauncher.git,OpenLauncherTeam/openlauncher,111.0,0
https://github.com/stealthcopter/AndroidNetworkTools.git,stealthcopter/AndroidNetworkTools,27.0,10
https://github.com/reicast/reicast-emulator.git,reicast/reicast-emulator,20.0,0
https://github.com/NekoX-Dev/NekoX.git,NekoX-Dev/NekoX,1800.0,1
https://github.com/invoiceninja/admin-portal.git,invoiceninja/admin-portal,0.0,0
https://github.com/erickok/transdroid.git,erickok/transdroid,260.0,0
https://github.com/AntonioRedondo/AnotherMonitor.git,AntonioRedondo/AnotherMonitor,9.0,1
https://github.com/allgood/OpenNoteScanner.git,allgood/OpenNoteScanner,1.0,0
https://github.com/nikita36078/J2ME-Loader.git,nikita36078/J2ME-Loader,872.0,1
https://github.com/MuntashirAkon/AppManager.git,MuntashirAkon/AppManager,637.0,23
https://github.com/home-assistant/android.git,home-assistant/android,0.0,8
https://github.com/espeak-ng/espeak-ng.git,espeak-ng/espeak-ng,27.0,6
https://github.com/iitc-project/ingress-intel-total-conversion.git,iitc-project/ingress-intel-total-conversion,39.0,0
https://github.com/PeterCxy/Shelter.git,PeterCxy/Shelter,26.0,2
https://github.com/oliexdev/openScale.git,oliexdev/openScale,147.0,11
https://github.com/authpass/authpass.git,authpass/authpass,1.0,0
https://github.com/uberspot/2048-android.git,uberspot/2048-android,1.0,0
https://github.com/google/mozc.git,google/mozc,0.0,0
https://github.com/the3deers/android-3D-model-viewer.git,the3deers/android-3D-model-viewer,113.0,3
https://github.com/w84death/Tanks-of-Freedom.git,w84death/Tanks-of-Freedom,0.0,0
https://github.com/fAndreuzzi/TUI-ConsoleLauncher.git,fAndreuzzi/TUI-ConsoleLauncher,157.0,0
https://github.com/RHVoice/RHVoice.git,RHVoice/RHVoice,45.0,0
https://github.com/FredJul/Flym.git,FredJul/Flym,3.0,0
https://github.com/git-touch/git-touch.git,git-touch/git-touch,0.0,0
https://github.com/emmaguy/clean-status-bar.git,emmaguy/clean-status-bar,13.0,0
https://github.com/barbeau/gpstest.git,barbeau/gpstest,43.0,6
https://github.com/freeotp/freeotp-android.git,freeotp/freeotp-android,20.0,3
https://github.com/listen1/listen1_mobile.git,listen1/listen1_mobile,2.0,0
https://github.com/vanilla-music/vanilla.git,vanilla-music/vanilla,113.0,0
https://github.com/dmfs/opentasks.git,dmfs/opentasks,432.0,46
https://github.com/machiav3lli/oandbackupx.git,machiav3lli/oandbackupx,0.0,0
https://github.com/WangDaYeeeeee/GeometricWeather.git,WangDaYeeeeee/GeometricWeather,477.0,6
https://github.com/robinpaulson/SimpleRT.git,robinpaulson/SimpleRT,4.0,0
https://github.com/enricocid/Music-Player-GO.git,enricocid/Music-Player-GO,0.0,0
https://github.com/meefik/busybox.git,meefik/busybox,8.0,0
https://github.com/dkrivoruchko/ScreenStream.git,dkrivoruchko/ScreenStream,13.0,0
https://github.com/senzhk/ADBKeyBoard.git,senzhk/ADBKeyBoard,1.0,0
https://github.com/chandevel/Clover.git,chandevel/Clover,336.0,1
https://github.com/deltachat/deltachat-android.git,deltachat/deltachat-android,401.0,3
https://github.com/SimpleMobileTools/Simple-File-Manager.git,SimpleMobileTools/Simple-File-Manager,0.0,0
https://github.com/AChep/AcDisplay.git,AChep/AcDisplay,267.0,4
https://github.com/rosuH/EasyWatermark.git,rosuH/EasyWatermark,0.0,0
https://github.com/renard314/textfairy.git,renard314/textfairy,105.0,1
https://github.com/grote/Transportr.git,grote/Transportr,65.0,9
https://github.com/xbrowsersync/app.git,xbrowsersync/app,0.0,2
https://github.com/standardnotes/mobile.git,standardnotes/mobile,5.0,0
https://github.com/commons-app/apps-android-commons.git,commons-app/apps-android-commons,465.0,57
https://github.com/foobnix/LibreraReader.git,foobnix/LibreraReader,1563.0,10
https://github.com/mpv-android/mpv-android.git,mpv-android/mpv-android,10.0,0
https://github.com/Swati4star/Images-to-PDF.git,Swati4star/Images-to-PDF,159.0,10
https://github.com/SimpleMobileTools/Simple-Music-Player.git,SimpleMobileTools/Simple-Music-Player,0.0,0
https://github.com/fr3ts0n/AndrOBD.git,fr3ts0n/AndrOBD,103.0,2
https://github.com/WangDaYeeeeee/Mysplash.git,WangDaYeeeeee/Mysplash,477.0,30
https://github.com/martykan/forecastie.git,martykan/forecastie,67.0,14
https://github.com/ProtonVPN/android-app.git,ProtonVPN/android-app,184.0,2
https://github.com/termux/termux-api.git,termux/termux-api,42.0,0
https://github.com/scoute-dich/browser.git,scoute-dich/browser,48.0,0
https://github.com/microg/UnifiedNlp.git,microg/UnifiedNlp,35.0,0
https://github.com/Dar9586/NClientV2.git,Dar9586/NClientV2,140.0,0
https://github.com/x0b/rcx.git,x0b/rcx,120.0,2
https://github.com/EasyRPG/Player.git,EasyRPG/Player,32.0,0
https://github.com/AllanWang/Frost-for-Facebook.git,AllanWang/Frost-for-Facebook,1.0,0
https://github.com/ligi/SurvivalManual.git,ligi/SurvivalManual,0.0,0
https://github.com/OmGodse/Notally.git,OmGodse/Notally,0.0,0
https://github.com/stefan-niedermann/nextcloud-notes.git,stefan-niedermann/nextcloud-notes,171.0,20
https://github.com/openfoodfacts/openfoodfacts-androidapp.git,openfoodfacts/openfoodfacts-androidapp,304.0,0
https://github.com/bernaferrari/ChangeDetection.git,bernaferrari/ChangeDetection,19.0,0
https://github.com/seemoo-lab/AirGuard.git,seemoo-lab/AirGuard,0.0,0
https://github.com/ppareit/swiftp.git,ppareit/swiftp,64.0,0
https://github.com/abarisain/dmix.git,abarisain/dmix,145.0,0
https://github.com/OxfordHCC/tracker-control-android.git,OxfordHCC/tracker-control-android,51.0,0
https://github.com/jonasoreland/runnerup.git,jonasoreland/runnerup,186.0,3
https://github.com/markusfisch/ShaderEditor.git,markusfisch/ShaderEditor,71.0,0
https://github.com/ligi/PassAndroid.git,ligi/PassAndroid,27.0,0
https://github.com/SimpleMobileTools/Simple-Camera.git,SimpleMobileTools/Simple-Camera,0.0,0
https://github.com/kontalk/androidclient.git,kontalk/androidclient,410.0,21
https://github.com/adrcotfas/Goodtime.git,adrcotfas/Goodtime,0.0,0
https://github.com/deadlyjack/Acode.git,deadlyjack/Acode,39.0,1
https://github.com/nextcloud/news-android.git,nextcloud/news-android,174.0,9
https://github.com/maks/MGit.git,maks/MGit,101.0,2
https://github.com/renyuneyun/Easer.git,renyuneyun/Easer,521.0,60
https://github.com/sky-map-team/stardroid.git,sky-map-team/stardroid,170.0,18
https://github.com/simple-last-fm-scrobbler/sls.git,simple-last-fm-scrobbler/sls,87.0,7
https://github.com/LibreShift/red-moon.git,LibreShift/red-moon,0.0,0
https://github.com/traccar/traccar-client-android.git,traccar/traccar-client-android,0.0,0
https://github.com/BillDietrich/fake_contacts.git,BillDietrich/fake_contacts,0.0,0
https://github.com/walleth/walleth.git,walleth/walleth,1.0,0
https://github.com/MatteCarra/AccA.git,MatteCarra/AccA,0.0,0
https://github.com/openhab/openhab-android.git,openhab/openhab-android,4.0,0
https://github.com/persian-calendar/DroidPersianCalendar.git,persian-calendar/DroidPersianCalendar,0.0,0
https://github.com/rkkr/simple-keyboard.git,rkkr/simple-keyboard,101.0,0
https://github.com/yaxim-org/yaxim.git,yaxim-org/yaxim,73.0,0
https://github.com/syphon-org/syphon.git,syphon-org/syphon,1.0,0
https://github.com/adolfintel/OpenPods.git,adolfintel/OpenPods,32.0,0
https://github.com/ashutoshgngwr/noice.git,ashutoshgngwr/noice,0.0,0
https://github.com/SimpleMobileTools/Simple-Notes.git,SimpleMobileTools/Simple-Notes,0.0,0
https://github.com/asksven/BetterBatteryStats.git,asksven/BetterBatteryStats,166.0,8
https://github.com/ubergeek42/weechat-android.git,ubergeek42/weechat-android,119.0,5
https://github.com/i-p-tel/sipdroid.git,i-p-tel/sipdroid,247.0,1
https://github.com/xbmc/Kore.git,xbmc/Kore,246.0,22
https://github.com/TwidereProject/TwidereX-Android.git,TwidereProject/TwidereX-Android,1.0,0
https://github.com/SufficientlySecure/document-viewer.git,SufficientlySecure/document-viewer,403.0,4
https://github.com/daneren2005/Subsonic.git,daneren2005/Subsonic,240.0,5
https://github.com/AdrienPoupa/VinylMusicPlayer.git,AdrienPoupa/VinylMusicPlayer,243.0,0
https://github.com/FunkyMuse/Vigilante.git,FunkyMuse/Vigilante,0.0,0
https://github.com/kiwix/kiwix-android.git,kiwix/kiwix-android,49.0,9
https://github.com/mpcjanssen/simpletask-android.git,mpcjanssen/simpletask-android,18.0,0
https://github.com/frankmorgner/vsmartcard.git,frankmorgner/vsmartcard,28.0,2
https://github.com/markusfisch/BinaryEye.git,markusfisch/BinaryEye,0.0,0
https://github.com/navit-gps/navit.git,navit-gps/navit,21.0,0
https://github.com/gotify/android.git,gotify/android,72.0,8
https://github.com/labexp/osmtracker-android.git,labexp/osmtracker-android,87.0,13
https://github.com/haiwen/seadroid.git,haiwen/seadroid,235.0,1
https://github.com/SimpleMobileTools/Simple-Contacts.git,SimpleMobileTools/Simple-Contacts,0.0,0
https://github.com/wiglenet/wigle-wifi-wardriving.git,wiglenet/wigle-wifi-wardriving,214.0,32
https://github.com/segler-alex/RadioDroid.git,segler-alex/RadioDroid,152.0,11
https://github.com/Waboodoo/HTTP-Shortcuts.git,Waboodoo/HTTP-Shortcuts,0.0,0
https://github.com/chrisboyle/sgtpuzzles.git,chrisboyle/sgtpuzzles,21.0,2
https://github.com/farmerbb/Taskbar.git,farmerbb/Taskbar,145.0,0
https://github.com/devgianlu/Aria2App.git,devgianlu/Aria2App,159.0,2
https://github.com/MCMrARM/revolution-irc.git,MCMrARM/revolution-irc,228.0,2
https://github.com/ultranity/Pix-EzViewer.git,ultranity/Pix-EzViewer,24.0,0
https://github.com/MirakelX/mirakel-android.git,MirakelX/mirakel-android,299.0,21
https://github.com/Dimowner/AudioRecorder.git,Dimowner/AudioRecorder,94.0,0
https://github.com/termux/termux-styling.git,termux/termux-styling,0.0,0
https://github.com/celzero/rethink-app.git,celzero/rethink-app,11.0,0
https://github.com/redsolver/noteless.git,redsolver/noteless,0.0,0
https://github.com/marchellodev/sharik.git,marchellodev/sharik,0.0,0
https://github.com/dkanada/gelli.git,dkanada/gelli,159.0,0
https://github.com/Tunous/Dawn.git,Tunous/Dawn,523.0,12
https://github.com/sismics/reader.git,sismics/reader,252.0,29
https://github.com/afollestad/nock-nock.git,afollestad/nock-nock,0.0,0
https://github.com/wallabag/android-app.git,wallabag/android-app,156.0,2
https://github.com/Swordfish90/Lemuroid.git,Swordfish90/Lemuroid,0.0,0
https://github.com/stefan-niedermann/nextcloud-deck.git,stefan-niedermann/nextcloud-deck,407.0,21
https://github.com/shadowsocks/v2ray-plugin-android.git,shadowsocks/v2ray-plugin-android,0.0,0
https://github.com/tanujnotes/Olauncher.git,tanujnotes/Olauncher,0.0,0
https://github.com/mmazzarolo/breathly-app.git,mmazzarolo/breathly-app,6.0,0
https://github.com/mtotschnig/MyExpenses.git,mtotschnig/MyExpenses,486.0,112
https://github.com/bilde2910/Hauk.git,bilde2910/Hauk,114.0,4
https://github.com/Gedsh/InviZible.git,Gedsh/InviZible,165.0,0
https://github.com/y20k/transistor.git,y20k/transistor,0.0,0
https://github.com/SimpleMobileTools/Simple-Calculator.git,SimpleMobileTools/Simple-Calculator,0.0,0
https://github.com/Mishiranu/Dashchan.git,Mishiranu/Dashchan,307.0,0
https://github.com/SimpleMobileTools/Simple-Clock.git,SimpleMobileTools/Simple-Clock,1.0,0
https://github.com/OpenTracksApp/OpenTracks.git,OpenTracksApp/OpenTracks,217.0,42
https://github.com/sterrenburg/flutterhole.git,sterrenburg/flutterhole,0.0,0
https://github.com/patzly/grocy-android.git,patzly/grocy-android,254.0,0
https://github.com/nextcloud/talk-android.git,nextcloud/talk-android,247.0,2
https://github.com/premnirmal/StockTicker.git,premnirmal/StockTicker,0.0,0
https://github.com/pocmo/Yaaic.git,pocmo/Yaaic,96.0,0
https://github.com/TachibanaGeneralLaboratories/download-navi.git,TachibanaGeneralLaboratories/download-navi,161.0,11
https://github.com/twireapp/Twire.git,twireapp/Twire,120.0,0
https://github.com/niqdev/ipcam-view.git,niqdev/ipcam-view,12.0,0
https://github.com/AndBible/and-bible.git,AndBible/and-bible,68.0,13
https://github.com/EtchDroid/EtchDroid.git,EtchDroid/EtchDroid,1.0,0
https://github.com/shlomif/PySolFC.git,shlomif/PySolFC,0.0,0
https://github.com/zenorogue/hyperrogue.git,zenorogue/hyperrogue,11.0,0
https://github.com/freeminer/freeminer.git,freeminer/freeminer,6.0,0
https://github.com/MuntashirAkon/Metro.git,MuntashirAkon/Metro,105.0,2
https://github.com/moneymanagerex/android-money-manager-ex.git,moneymanagerex/android-money-manager-ex,514.0,30
https://github.com/google/talkback.git,google/talkback,466.0,0
https://github.com/nova-video-player/aos-AVP.git,nova-video-player/aos-AVP,0.0,0
https://github.com/darshanparajuli/LogcatReader.git,darshanparajuli/LogcatReader,5.0,5
https://github.com/wolpi/prim-ftpd.git,wolpi/prim-ftpd,775.0,107
https://github.com/jonjomckay/fritter.git,jonjomckay/fritter,1.0,0
https://github.com/AndreAle94/moneywallet.git,AndreAle94/moneywallet,441.0,3
https://github.com/SimpleMobileTools/Simple-Draw.git,SimpleMobileTools/Simple-Draw,0.0,0
https://github.com/d4rken/reddit-android-appstore.git,d4rken/reddit-android-appstore,113.0,11
https://github.com/mkulesh/microMathematics.git,mkulesh/microMathematics,232.0,3
https://github.com/mosmetro-android/mosmetro-android.git,mosmetro-android/mosmetro-android,63.0,0
https://github.com/termux/termux-boot.git,termux/termux-boot,3.0,0
https://github.com/massivemadness/Squircle-IDE.git,massivemadness/Squircle-IDE,22.0,0
https://github.com/helloworld1/FreeOTPPlus.git,helloworld1/FreeOTPPlus,4.0,0
https://github.com/moneytoo/Player.git,moneytoo/Player,30.0,0
https://github.com/deep-gaurav/MusicPiped.git,deep-gaurav/MusicPiped,4.0,0
https://github.com/emanuele-f/PCAPdroid.git,emanuele-f/PCAPdroid,67.0,0
https://github.com/fennifith/Alarmio.git,fennifith/Alarmio,54.0,0
https://github.com/OpenOrienteering/mapper.git,OpenOrienteering/mapper,2.0,0
https://github.com/lucasnlm/antimine-android.git,lucasnlm/antimine-android,0.0,0
https://github.com/ogarcia/opensudoku.git,ogarcia/opensudoku,64.0,0
https://github.com/sds100/KeyMapper.git,sds100/KeyMapper,1.0,0
https://github.com/itkach/aard2-android.git,itkach/aard2-android,31.0,0
https://github.com/ZeusLN/zeus.git,ZeusLN/zeus,2.0,0
https://github.com/mupen64plus-ae/mupen64plus-ae.git,mupen64plus-ae/mupen64plus-ae,167.0,1
https://github.com/IngoZenz/personaldnsfilter.git,IngoZenz/personaldnsfilter,51.0,0
https://github.com/pragma-/networklog.git,pragma-/networklog,233.0,4
https://github.com/raulhaag/MiMangaNu.git,raulhaag/MiMangaNu,164.0,8
https://github.com/brarcher/video-transcoder.git,brarcher/video-transcoder,23.0,3
https://github.com/metrodroid/metrodroid.git,metrodroid/metrodroid,6.0,3
https://github.com/hanjoongcho/aaf-easydiary.git,hanjoongcho/aaf-easydiary,0.0,0
https://github.com/MaxFour/Music-Player.git,MaxFour/Music-Player,199.0,0
https://github.com/andstatus/andstatus.git,andstatus/andstatus,0.0,0
https://github.com/jellyfin/jellyfin-android.git,jellyfin/jellyfin-android,7.0,0
https://github.com/kamgurgul/cpu-info.git,kamgurgul/cpu-info,27.0,0
https://github.com/sschueller/peertube-android.git,sschueller/peertube-android,59.0,2
https://github.com/guardianproject/ObscuraCam.git,guardianproject/ObscuraCam,44.0,0
https://github.com/tejado/android-usb-gadget.git,tejado/android-usb-gadget,18.0,2
https://github.com/SmartPack/SmartPack-Kernel-Manager.git,SmartPack/SmartPack-Kernel-Manager,226.0,0
https://github.com/eidottermihi/rpicheck.git,eidottermihi/rpicheck,77.0,12
https://github.com/abrensch/brouter.git,abrensch/brouter,181.0,19
https://github.com/TheRedSpy15/LTECleanerFOSS.git,TheRedSpy15/LTECleanerFOSS,2.0,2
https://github.com/termux/termux-widget.git,termux/termux-widget,9.0,0
https://github.com/sriharshaarangi/BatteryChargeLimit.git,sriharshaarangi/BatteryChargeLimit,0.0,0
https://github.com/UnicornsOnLSD/finamp.git,UnicornsOnLSD/finamp,0.0,0
https://github.com/horizontalsystems/unstoppable-wallet-android.git,horizontalsystems/unstoppable-wallet-android,0.0,0
https://github.com/kylecorry31/Trail-Sense.git,kylecorry31/Trail-Sense,0.0,0
https://github.com/dozingcat/Vector-Pinball.git,dozingcat/Vector-Pinball,53.0,0
https://github.com/glmark2/glmark2.git,glmark2/glmark2,11.0,0
https://github.com/stonega/tsacdop.git,stonega/tsacdop,1.0,0
https://github.com/AEFeinstein/mtg-familiar.git,AEFeinstein/mtg-familiar,119.0,2
https://github.com/shosetsuorg/android-app.git,shosetsuorg/android-app,3.0,2
https://github.com/rootkiwi/an2linuxclient.git,rootkiwi/an2linuxclient,69.0,0
https://github.com/zhenyolka/DPITunnel.git,zhenyolka/DPITunnel,14.0,2
https://github.com/XCSoar/XCSoar.git,XCSoar/XCSoar,61.0,0
https://github.com/MarcusWolschon/osmeditor4android.git,MarcusWolschon/osmeditor4android,736.0,114
https://github.com/sduduzog/slim-launcher.git,sduduzog/slim-launcher,0.0,0
https://github.com/AdguardTeam/ContentBlocker.git,AdguardTeam/ContentBlocker,64.0,2
https://github.com/SimpleMobileTools/Simple-App-Launcher.git,SimpleMobileTools/Simple-App-Launcher,0.0,0
https://github.com/gsantner/memetastic.git,gsantner/memetastic,48.0,0
https://github.com/JavaCafe01/PdfViewer.git,JavaCafe01/PdfViewer,9.0,0
https://github.com/termux/termux-tasker.git,termux/termux-tasker,15.0,2
https://github.com/buggins/coolreader.git,buggins/coolreader,170.0,2
https://github.com/SimpleMobileTools/Simple-Dialer.git,SimpleMobileTools/Simple-Dialer,0.0,0
https://github.com/yuriykulikov/AlarmClock.git,yuriykulikov/AlarmClock,21.0,5
https://github.com/lgallard/qBittorrent-Controller.git,lgallard/qBittorrent-Controller,59.0,1
https://github.com/BiglySoftware/BiglyBT-Android.git,BiglySoftware/BiglyBT-Android,389.0,22
https://github.com/xyzz/openmw-android.git,xyzz/openmw-android,26.0,2
https://github.com/SmartReceipts/SmartReceiptsLibrary.git,SmartReceipts/SmartReceiptsLibrary,709.0,109
https://github.com/adeekshith/watomatic.git,adeekshith/watomatic,39.0,2
https://github.com/rdoeffinger/Dictionary.git,rdoeffinger/Dictionary,30.0,0
https://github.com/wewewe718/QrAndBarcodeScanner.git,dmitriy-ilchenko/QrAndBarcodeScanner,0.0,0
https://github.com/NitishGadangi/Privacy-Indicator-App.git,NitishGadangi/Privacy-Indicator-App,3.0,2
https://github.com/yausername/dvd.git,yausername/dvd,2.0,0
https://github.com/amake/orgro.git,amake/orgro,0.0,0
https://github.com/SimpleMobileTools/Simple-Flashlight.git,SimpleMobileTools/Simple-Flashlight,0.0,0
https://github.com/UriahShaulMandel/BaldPhone.git,UriahShaulMandel/BaldPhone,152.0,4
https://github.com/kitsunyan/foxy-droid.git,kitsunyan/foxy-droid,0.0,0
https://github.com/nutritionfactsorg/daily-dozen-android.git,nutritionfactsorg/daily-dozen-android,88.0,0
https://github.com/Kaljurand/K6nele.git,Kaljurand/K6nele,62.0,0
https://github.com/qqq3/good-weather.git,qqq3/good-weather,41.0,2
https://github.com/t184256/nix-on-droid.git,t184256/nix-on-droid,0.0,0
https://github.com/etesync/android.git,etesync/android,9.0,8
https://github.com/emansih/FireflyMobile.git,emansih/FireflyMobile,0.0,0
https://github.com/billthefarmer/editor.git,billthefarmer/editor,12.0,0
https://github.com/davidhealey/waistline.git,davidhealey/waistline,0.0,0
https://github.com/rignaneseleo/SlimSocial-for-Facebook.git,rignaneseleo/SlimSocial-for-Facebook,9.0,2
https://github.com/cyclestreets/android.git,cyclestreets/android,140.0,8
https://github.com/nv95/Kotatsu.git,nv95/Kotatsu,0.0,0
https://github.com/bfabiszewski/ulogger-android.git,bfabiszewski/ulogger-android,38.0,0
https://github.com/tejado/Authorizer.git,tejado/Authorizer,196.0,10
https://github.com/lposidon/posidonLauncher.git,lposidon/posidonLauncher,0.0,0
https://github.com/clementine-player/Android-Remote.git,clementine-player/Android-Remote,100.0,0
https://github.com/ultrasonic/ultrasonic.git,ultrasonic/ultrasonic,73.0,0
https://github.com/aaronjwood/PortAuthority.git,aaronjwood/PortAuthority,33.0,0
https://github.com/rt-bishop/Look4Sat.git,rt-bishop/Look4Sat,0.0,0
https://github.com/ligi/gobandroid.git,ligi/gobandroid,36.0,1
https://github.com/javiersantos/WhatsAppBetaUpdater.git,javiersantos/WhatsAppBetaUpdater,21.0,0
https://github.com/agateau/pixelwheels.git,agateau/pixelwheels,273.0,14
https://github.com/farmerbb/Notepad.git,farmerbb/Notepad,20.0,0
https://github.com/nkanaev/bubble.git,nkanaev/bubble,31.0,0
https://github.com/k3b/APhotoManager.git,k3b/APhotoManager,307.0,42
https://github.com/SamAmco/track-and-graph.git,SamAmco/track-and-graph,0.0,0
https://github.com/bk138/multivnc.git,bk138/multivnc,24.0,0
https://github.com/AdrienPoupa/AttestationDeplacement.git,AdrienPoupa/AttestationDeplacement,25.0,0
https://github.com/butzist/ActivityLauncher.git,butzist/ActivityLauncher,15.0,0
https://github.com/veniosg/Dir.git,veniosg/Dir,122.0,12
https://github.com/abertschi/ad-free.git,abertschi/ad-free,2.0,2
https://github.com/K1rakishou/Kuroba-Experimental.git,K1rakishou/Kuroba-Experimental,169.0,0
https://github.com/devgianlu/Aria2Android.git,devgianlu/Aria2Android,9.0,0
https://github.com/tobykurien/WebApps.git,tobykurien/WebApps,0.0,0
https://github.com/citiususc/calendula.git,citiususc/calendula,226.0,11
https://github.com/junjunguo/PocketMaps.git,junjunguo/PocketMaps,67.0,1
https://github.com/metinkale38/prayer-times-android.git,metinkale38/prayer-times-android,183.0,0
https://github.com/LonamiWebs/Klooni1010.git,LonamiWebs/Klooni1010,40.0,0
https://github.com/Albert221/FastShopping.git,Albert221/FastShopping,0.0,0
https://github.com/instead-hub/instead.git,instead-hub/instead,0.0,0
https://github.com/meshenger-app/meshenger-android.git,meshenger-app/meshenger-android,30.0,1
https://github.com/physphil/UnitConverterUltimate.git,physphil/UnitConverterUltimate,28.0,1
https://github.com/nitroshare/nitroshare-android.git,nitroshare/nitroshare-android,28.0,0
https://github.com/librespeed/speedtest-android.git,librespeed/speedtest-android,19.0,2
https://github.com/IvanVolosyuk/diskusage.git,IvanVolosyuk/diskusage,92.0,0
https://github.com/miracle2k/android-autostarts.git,miracle2k/android-autostarts,33.0,0
https://github.com/tasomaniac/OpenLinkWith.git,tasomaniac/OpenLinkWith,36.0,0
https://github.com/zoff99/ToxAndroidRefImpl.git,zoff99/ToxAndroidRefImpl,165.0,1
https://github.com/gateship-one/odyssey.git,gateship-one/odyssey,139.0,0
https://github.com/ccomeaux/boardgamegeek4android.git,ccomeaux/boardgamegeek4android,232.0,0
https://github.com/BenoitDuffez/AndroidCupsPrint.git,BenoitDuffez/AndroidCupsPrint,0.0,0
https://github.com/Catrobat/Paintroid.git,Catrobat/Paintroid,110.0,71
https://github.com/langerhans/dogecoin-wallet-new.git,langerhans/dogecoin-wallet-new,113.0,6
https://github.com/lexica/lexica.git,lexica/lexica,78.0,11
https://github.com/farmerbb/SecondScreen.git,farmerbb/SecondScreen,76.0,1
https://github.com/brarcher/loyalty-card-locker.git,brarcher/loyalty-card-locker,41.0,9
https://github.com/Donnnno/Arcticons.git,Donnnno/Arcticons,130.0,0
https://github.com/tema6120/ForgetMeNot.git,tema6120/ForgetMeNot,1.0,0
https://github.com/LemmurOrg/lemmur.git,krawieck/lemmur,0.0,0
https://github.com/nv95/OpenManga.git,nv95/OpenManga,190.0,0
https://github.com/juankysoriano/Zen.git,juankysoriano/Zen,69.0,20
https://github.com/reloZid/android-anuto.git,reloZid/android-anuto,157.0,1
https://github.com/LISTEN-moe/android-app.git,LISTEN-moe/android-app,0.0,2
https://github.com/stingle/stingle-photos-android.git,stingle/stingle-photos-android,202.0,0
https://github.com/forrestguice/SuntimesWidget.git,forrestguice/SuntimesWidget,224.0,17
https://github.com/msoultanidis/quillnote.git,msoultanidis/quillnote,0.0,0
https://github.com/plateaukao/browser.git,plateaukao/browser,37.0,0
https://github.com/Pato05/uploadgram-app.git,Pato05/uploadgram-app,2.0,0
https://github.com/michaelkourlas/voipms-sms-client.git,michaelkourlas/voipms-sms-client,0.0,0
https://github.com/flide/8VIM.git,flide/8VIM,29.0,1
https://github.com/OxygenCobalt/Auxio.git,OxygenCobalt/Auxio,0.0,0
https://github.com/sovworks/edslite.git,sovworks/edslite,486.0,0
https://github.com/GabrielTavernini/Covid19Stats.git,GabrielTavernini/Covid19Stats,0.0,0
https://github.com/Zygo/xscreensaver.git,Zygo/xscreensaver,9.0,0
https://github.com/m-i-n-a-r/birday.git,m-i-n-a-r/birday,0.0,0
https://github.com/alt236/USB-Device-Info---Android.git,alt236/USB-Device-Info---Android,52.0,2
https://github.com/bauerj/paperless_app.git,bauerj/paperless_app,0.0,0
https://github.com/CookieJarApps/SmartCookieWeb.git,CookieJarApps/SmartCookieWeb,14.0,0
https://github.com/iNPUTmice/lttrs-android.git,iNPUTmice/lttrs-android,199.0,6
https://github.com/MajeurAndroid/android-applications-info.git,MajeurAndroid/android-applications-info,17.0,1
https://github.com/otakuhqz/ZimLX.git,otakuhqz/ZimLX,722.0,39
https://github.com/FunkyMuse/Aurora.git,FunkyMuse/Aurora,0.0,0
https://github.com/bk138/droidVNC-NG.git,bk138/droidVNC-NG,10.0,2
https://github.com/Etuldan/spaRSS.git,Etuldan/spaRSS,56.0,2
https://github.com/IvanVolosyuk/wifikeyboard.git,IvanVolosyuk/wifikeyboard,12.0,0
https://github.com/KillerInk/FreeDcam.git,KillerInk/FreeDcam,663.0,0
https://github.com/Fr4gorSoftware/SecScanQR.git,Fr4gorSoftware/SecScanQR,24.0,0
https://github.com/termux/termux-float.git,termux/termux-float,9.0,0
https://github.com/leonlatsch/Photok.git,leonlatsch/Photok,0.0,0
https://github.com/teal77/trireme.git,teal77/trireme,1.0,0
https://github.com/Exodus-Privacy/exodus-android-app.git,Exodus-Privacy/exodus-android-app,27.0,2
https://github.com/enricocid/VectorifyDaHome.git,enricocid/VectorifyDaHome,0.0,0
https://github.com/evilcorpltd/aTox.git,evilcorpltd/aTox,0.0,0
https://github.com/VladThodo/behe-keyboard.git,VladThodo/behe-keyboard,11.0,2
https://github.com/opentelecoms-org/lumicall.git,opentelecoms-org/lumicall,141.0,0
https://github.com/opacapp/opacclient.git,opacapp/opacclient,185.0,31
https://github.com/brodeurlv/fastnfitness.git,brodeurlv/fastnfitness,111.0,1
https://github.com/llaske/sugarizer.git,llaske/sugarizer,0.0,0
https://github.com/geopaparazzi/geopaparazzi.git,geopaparazzi/geopaparazzi,408.0,3
https://github.com/materialos/android-icon-pack.git,materialos/android-icon-pack,86.0,0
https://github.com/helloworld1/AnyMemo.git,helloworld1/AnyMemo,206.0,38
https://github.com/EventFahrplan/EventFahrplan.git,EventFahrplan/EventFahrplan,38.0,1
https://github.com/dkanada/frost.git,dkanada/frost,13.0,0
https://github.com/developersu/ns-usbloader-mobile.git,developersu/ns-usbloader-mobile,22.0,2
https://github.com/SimpleMobileTools/Simple-Voice-Recorder.git,SimpleMobileTools/Simple-Voice-Recorder,0.0,0
https://github.com/SimpleMobileTools/Simple-SMS-Messenger.git,SimpleMobileTools/Simple-SMS-Messenger,0.0,0
https://github.com/wulkanowy/wulkanowy.git,wulkanowy/wulkanowy,0.0,0
https://github.com/Chesire/Nekome.git,Chesire/Nekome,0.0,0
https://github.com/Piwigo/Piwigo-Android.git,Piwigo/Piwigo-Android,106.0,8
https://github.com/admin-ch/CovidCertificate-App-Android.git,admin-ch/CovidCertificate-App-Android,3.0,0
https://github.com/nilsbraden/ttrss-reader-fork.git,nilsbraden/ttrss-reader-fork,103.0,0
https://github.com/erickok/transdroid-search.git,erickok/transdroid-search,53.0,3
https://github.com/TheLastProject/Catima.git,TheLastProject/Catima,63.0,10
https://github.com/databurn-in/PrivacyBreacher.git,databurn-in/PrivacyBreacher,13.0,2
https://github.com/bernaferrari/SDKMonitor.git,bernaferrari/SDKMonitor,2.0,0
https://github.com/zagaberoo/diode.git,zagaberoo/diode,67.0,0
https://github.com/avram/zandy.git,avram/zandy,36.0,4
https://github.com/39aldo39/DecSyncCC.git,39aldo39/DecSyncCC,2.0,2
https://github.com/guardianproject/PixelKnot.git,guardianproject/PixelKnot,34.0,0
https://github.com/SecUSo/privacy-friendly-netmonitor.git,SecUSo/privacy-friendly-netmonitor,44.0,1
https://github.com/ZeeRooo/MaterialFBook.git,ZeeRooo/MaterialFBook,30.0,2
https://github.com/JonasCz/save-for-offline.git,JonasCz/save-for-offline,13.0,0
https://github.com/cbeyls/fosdem-companion-android.git,cbeyls/fosdem-companion-android,0.0,0
https://github.com/tom-anders/Easy_xkcd.git,tom-anders/Easy_xkcd,48.0,0
https://github.com/slowscript/warpinator-android.git,slowscript/warpinator-android,21.0,0
https://github.com/apps4av/avare.git,apps4av/avare,355.0,7
https://github.com/mcastillof/FakeTraveler.git,mcastillof/FakeTraveler,7.0,2
https://github.com/skjolber/ndef-tools-for-android.git,skjolber/ndef-tools-for-android,49.0,8
https://github.com/criticalmaps/criticalmaps-android.git,criticalmaps/criticalmaps-android,73.0,5
https://github.com/SchildiChat/SchildiChat-android.git,SchildiChat/SchildiChat-android,17.0,0
https://github.com/zamojski/TowerCollector.git,zamojski/TowerCollector,239.0,0
https://github.com/flackbash/AudioAnchor.git,flackbash/AudioAnchor,36.0,2
https://github.com/fm-sys/snapdrop-android.git,fm-sys/snapdrop-android,10.0,2
https://github.com/dozingcat/AsciiCam.git,dozingcat/AsciiCam,22.0,0
https://github.com/nvllsvm/Audinaut.git,nvllsvm/Audinaut,142.0,0
https://github.com/urbandroid-team/dontkillmy-app.git,urbandroid-team/dontkillmy-app,1.0,0
https://github.com/juha-h/baresip-studio.git,juha-h/baresip-studio,0.0,0
https://github.com/pacien/tincapp.git,pacien/tincapp,0.0,0
https://github.com/thuryn/your-local-weather.git,thuryn/your-local-weather,137.0,1
https://github.com/opendocument-app/OpenDocument.droid.git,opendocument-app/OpenDocument.droid,39.0,3
https://github.com/AnySoftKeyboard/LanguagePack.git,AnySoftKeyboard/LanguagePack,59.0,1
https://github.com/SubhamTyagi/Last-Launcher.git,SubhamTyagi/Last-Launcher,31.0,0
https://github.com/readrops/Readrops.git,readrops/Readrops,71.0,2
https://github.com/ThibaudM/timelapse-sony.git,ThibaudM/timelapse-sony,27.0,0
https://github.com/marq24/UUID0xFD6FTracer.git,marq24/UUID0xFD6FTracer,14.0,0
https://github.com/y20k/escapepod.git,y20k/escapepod,0.0,0
https://github.com/btcontract/wallet.git,btcontract/wallet,602.0,1
https://github.com/phyphox/phyphox-android.git,phyphox/phyphox-android,50.0,0
https://github.com/Tortel/SysLog.git,Tortel/SysLog,55.0,0
https://github.com/syncthing/syncthing-lite.git,syncthing/syncthing-lite,2.0,2
https://github.com/Ryosuke839/UnicodePad.git,Ryosuke839/UnicodePad,0.0,0
https://github.com/demokratie-live/democracy-client.git,demokratie-live/democracy-client,6.0,1
https://github.com/guardianproject/ripple.git,guardianproject/ripple,9.0,2
https://github.com/kaputnikGo/PilferShushJammer.git,kaputnikGo/PilferShushJammer,24.0,2
https://github.com/xdsopl/robot36.git,xdsopl/robot36,0.0,0
https://github.com/7LPdWcaW/GrowTracker-Android.git,7LPdWcaW/GrowTracker-Android,66.0,0
https://github.com/bailuk/AAT.git,bailuk/AAT,845.0,10
https://github.com/Nain57/Smart-AutoClicker.git,Nain57/Smart-AutoClicker,2.0,0
https://github.com/cmeng-git/atalk-android.git,cmeng-git/atalk-android,2256.0,0
https://github.com/gsantner/dandelion.git,gsantner/dandelion,71.0,0
https://github.com/92lleo/WhatsappWebToGo.git,92lleo/WhatsappWebToGo,3.0,0
https://github.com/ooni/probe-android.git,ooni/probe-android,215.0,55
https://github.com/SecUSo/privacy-friendly-pedometer.git,SecUSo/privacy-friendly-pedometer,62.0,1
https://github.com/projectmatris/antimalwareapp.git,projectmatris/antimalwareapp,20.0,1
https://github.com/jkuester/unlauncher.git,jkuester/unlauncher,0.0,0
https://github.com/yellowbluesky/PixivforMuzei3.git,yellowbluesky/PixivforMuzei3,16.0,0
https://github.com/SubhamTyagi/android-ocr.git,SubhamTyagi/android-ocr,8.0,0
https://github.com/procrastimax/BirthdayBuddy.git,procrastimax/BirthdayBuddy,0.0,0
https://github.com/Skarafaz/mercury.git,Skarafaz/mercury,36.0,0
https://github.com/SecUSo/privacy-friendly-qr-scanner.git,SecUSo/privacy-friendly-qr-scanner,60.0,2
https://github.com/csicar/Ning.git,csicar/Ning,0.0,0
https://github.com/Alkarex/EasyRSS.git,Alkarex/EasyRSS,319.0,73
https://github.com/vauvenal5/yaga.git,vauvenal5/yaga,0.0,0
https://github.com/kalaspuffar/secure-quick-reliable-login.git,kalaspuffar/secure-quick-reliable-login,65.0,5
https://github.com/LukeStonehm/LogicalDefence.git,LukeStonehm/LogicalDefence,7.0,1
https://github.com/mediathekview/zapp.git,mediathekview/zapp,0.0,0
https://github.com/meolunr/MBEStyle.git,meolunr/MBEStyle,35.0,0
https://github.com/nextgis/android_gisapp.git,nextgis/android_gisapp,27.0,1
https://github.com/light-launcher/Light-Android-Launcher.git,light-launcher/Light-Android-Launcher,7.0,0
https://github.com/452/USBHIDTerminal.git,452/USBHIDTerminal,20.0,2
https://github.com/takke/cpustats.git,takke/cpustats,2.0,0
https://github.com/rascarlo/AURdroid.git,rascarlo/AURdroid,0.0,0
https://github.com/Mosc/Glider.git,Mosc/Glider,0.0,0
https://github.com/moko256/twitlatte.git,moko256/twitlatte,25.0,5
https://github.com/nerzhul/ncsms-android.git,nerzhul/ncsms-android,44.0,0
https://github.com/lordi/tickmate.git,lordi/tickmate,44.0,3
https://github.com/tengusw/share_to_clipboard.git,tengusw/share_to_clipboard,5.0,0
https://github.com/bitcraze/crazyflie-android-client.git,bitcraze/crazyflie-android-client,61.0,0
https://github.com/videogameboy76/frozenbubbleandroid.git,videogameboy76/frozenbubbleandroid,38.0,0
https://github.com/scoutant/blokish.git,scoutant/blokish,22.0,4
https://github.com/andreynovikov/trekarta.git,andreynovikov/trekarta,546.0,5
https://github.com/SmartPack/PackageManager.git,SmartPack/PackageManager,51.0,0
https://github.com/sakusaku3939/DeepLAndroid.git,sakusaku3939/DeepLAndroid,0.0,0
https://github.com/sreichholf/dreamDroid.git,sreichholf/dreamDroid,224.0,0
https://github.com/cyanomiko/dcnnt-android.git,cyanomiko/dcnnt-android,0.0,0
https://github.com/js-labs/WalkieTalkie.git,js-labs/WalkieTalkie,15.0,0
https://github.com/max-kammerer/orion-viewer.git,max-kammerer/orion-viewer,51.0,0
https://github.com/nelenkov/cryptfs-password-manager.git,nelenkov/cryptfs-password-manager,3.0,0
https://github.com/blastrock/kakugo.git,blastrock/kakugo,0.0,0
https://github.com/axxapy/apkExtractor.git,axxapy/apkExtractor,4.0,0
https://github.com/yolosec/routerkeygenAndroid.git,yolosec/routerkeygenAndroid,124.0,1
https://github.com/scubajeff/lespas.git,scubajeff/lespas,0.0,0
https://github.com/aminecmi/ReaderforSelfoss.git,aminecmi/ReaderforSelfoss,5.0,0
https://github.com/k3b/intent-intercept.git,k3b/intent-intercept,7.0,0
https://github.com/Blockstream/green_android.git,Blockstream/green_android,102.0,1
https://github.com/ivpn/android-app.git,ivpn/android-app,213.0,2
https://github.com/wuan/bo-android.git,wuan/bo-android,0.0,0
https://github.com/Sav22999/common-voice-android.git,Sav22999/common-voice-android,0.0,0
https://github.com/flex3r/DankChat.git,flex3r/DankChat,0.0,0
https://github.com/hazae41/sweet-ipfs.git,hazae41/sweet-ipfs,0.0,0
https://github.com/woheller69/weather.git,woheller69/weather,71.0,0
https://github.com/phikal/ReGeX.git,phikal/ReGeX,16.0,0
https://github.com/Seva-coder/Finder.git,Seva-coder/Finder,21.0,0
https://github.com/y20k/trackbook.git,y20k/trackbook,0.0,0
https://github.com/yanus171/Handy-News-Reader.git,yanus171/Handy-News-Reader,71.0,1
https://github.com/ferraridamiano/ConverterNOW.git,ferraridamiano/ConverterNOW,0.0,0
https://github.com/mwarning/trigger.git,mwarning/trigger,47.0,0
https://github.com/dimtion/Shaarlier.git,dimtion/Shaarlier,24.0,2
https://github.com/dkter/aaaaa.git,dkter/aaaaa,0.0,0
https://github.com/bradand/XMouse.git,bradand/XMouse,22.0,2
https://github.com/kebernet/shortyz.git,kebernet/shortyz,172.0,8
https://github.com/howeyc/crocgui.git,howeyc/crocgui,0.0,0
https://github.com/apk-editor/APK-Explorer-Editor.git,apk-editor/APK-Explorer-Editor,51.0,0
https://github.com/tkrajina/10000sentences.git,tkrajina/10000sentences,71.0,3
https://github.com/TeamNewPipe/NewPipe-legacy.git,TeamNewPipe/NewPipe-legacy,289.0,7
https://github.com/gatheringhallstudios/MHGenDatabase.git,gatheringhallstudios/MHGenDatabase,155.0,1
https://github.com/restorer/gloomy-dungeons-2.git,restorer/gloomy-dungeons-2,365.0,0
https://github.com/DDoSolitary/OkcAgent.git,DDoSolitary/OkcAgent,0.0,0
https://github.com/amirzaidi/DNGProcessor.git,amirzaidi/DNGProcessor,41.0,2
https://github.com/SecUSo/privacy-friendly-sudoku.git,SecUSo/privacy-friendly-sudoku,74.0,2
https://github.com/gentlecat/counter.git,gentlecat/counter,27.0,2
https://github.com/samotari/crypto-terminal.git,samotari/crypto-terminal,0.0,0
https://github.com/fesch/CanZE.git,fesch/CanZE,100.0,2
https://github.com/TacoTheDank/Scoop.git,TacoTheDank/Scoop,9.0,0
https://github.com/donmor/Tiddloid.git,donmor/Tiddloid,8.0,2
https://github.com/mirfatif/PermissionManagerX.git,mirfatif/PermissionManagerX,84.0,0
https://github.com/Domi04151309/AlwaysOn.git,Domi04151309/AlwaysOn,0.0,0
https://github.com/Secure-File-Manager/Secure-File-Manager.git,Secure-File-Manager/Secure-File-Manager,0.0,0
https://github.com/mkulesh/onpc.git,mkulesh/onpc,124.0,0
https://github.com/AsteroidOS/AsteroidOSSync.git,AsteroidOS/AsteroidOSSync,68.0,0
https://github.com/apcro/leafpicrevived.git,apcro/leafpicrevived,133.0,0
https://github.com/oliexdev/openWorkout.git,oliexdev/openWorkout,81.0,0
https://github.com/indication/OpenRedmine.git,indication/OpenRedmine,254.0,2
https://github.com/sagemath/android.git,sagemath/android,99.0,8
https://github.com/finnmglas/Launcher.git,finnmglas/Launcher,0.0,0
https://github.com/DeweyReed/ClipboardCleaner.git,DeweyReed/ClipboardCleaner,0.0,0
https://github.com/marksuth/indigenous-android.git,swentel/indigenous-android,139.0,2
https://github.com/nproth/pin.git,nproth/pin,13.0,0
https://github.com/stephane-r/HoloPlay.git,stephane-r/HoloPlay,3.0,0
https://github.com/arnowelzel/periodical.git,arnowelzel/periodical,17.0,0
https://github.com/eduvpn/android.git,eduvpn/android,34.0,8
https://github.com/hwki/SimpleBitcoinWidget.git,hwki/SimpleBitcoinWidget,0.0,0
https://github.com/urandom/gearshift.git,urandom/gearshift,65.0,3
https://github.com/bradyt/cone.git,bradyt/cone,0.0,0
https://github.com/yggdrasil-network/crispa-android.git,yggdrasil-network/crispa-android,0.0,0
https://github.com/brarcher/budget-watch.git,brarcher/budget-watch,57.0,13
https://github.com/manuelvargastapia/libgen_mobile_app.git,manuelvargastapia/libgen_mobile_app,0.0,0
https://github.com/SapuSeven/BetterUntis.git,SapuSeven/BetterUntis,0.0,0
https://github.com/z3r0c00l-2k/AquaDroid.git,z3r0c00l-2k/AquaDroid,0.0,0
https://github.com/vishnuraghavb/EnRecipes.git,vishnuraghavb/EnRecipes,0.0,0
https://github.com/dozingcat/VectorCamera.git,dozingcat/VectorCamera,80.0,0
https://github.com/equeim/tremotesf-android.git,equeim/tremotesf-android,22.0,0
https://github.com/andstatus/todoagenda.git,andstatus/todoagenda,142.0,26
https://github.com/btimofeev/UniPatcher.git,btimofeev/UniPatcher,13.0,3
https://github.com/snoe/deedum.git,snoe/deedum,0.0,0
https://github.com/konradrenner/kolabnotes-android.git,konradrenner/kolabnotes-android,78.0,1
https://github.com/SecUSo/privacy-friendly-weather.git,SecUSo/privacy-friendly-weather,102.0,3
https://github.com/SecUSo/privacy-friendly-todo-list.git,SecUSo/privacy-friendly-todo-list,48.0,2
https://github.com/Crazy-Marvin/ToDont.git,Crazy-Marvin/ToDont,27.0,0
https://github.com/saschpe/BirthdayCalendar.git,saschpe/BirthdayCalendar,25.0,0
https://github.com/vmiklos/plees-tracker.git,vmiklos/plees-tracker,0.0,0
https://github.com/SteamGifts/SteamGifts.git,SteamGifts/SteamGifts,152.0,0
https://github.com/ltGuillaume/DroidShows.git,ltGuillaume/DroidShows,21.0,0
https://github.com/daper/nextcloud-passwords-app.git,daper/nextcloud-passwords-app,3.0,0
https://github.com/tuyafeng/Watt.git,tuyafeng/Watt,0.0,0
https://github.com/tranquvis/SimpleSmsRemote.git,tranquvis/SimpleSmsRemote,163.0,51
https://github.com/freenet-mobile/app.git,freenet-mobile/app,19.0,2
https://github.com/markmcavoy/androidtoken.git,markmcavoy/androidtoken,35.0,4
https://github.com/xgouchet/Stanley.git,xgouchet/Stanley,0.0,0
https://github.com/CityZenApp/AndroidApp.git,CityZenApp/AndroidApp,71.0,0
https://github.com/mathisdt/trackworktime.git,mathisdt/trackworktime,100.0,5
https://github.com/tmarzeion/drawable-notepad.git,tmarzeion/drawable-notepad,10.0,0
https://github.com/saschpe/PlanningPoker.git,saschpe/PlanningPoker,0.0,0
https://github.com/rpandey1234/Covid19Tracker.git,rpandey1234/Covid19Tracker,0.0,0
https://github.com/tobykurien/BatteryFu.git,tobykurien/BatteryFu,32.0,0
https://github.com/simple-login/Simple-Login-Android.git,simple-login/Simple-Login-Android,0.0,0
https://github.com/flxapps/DetoxDroid.git,flxapps/DetoxDroid,1.0,0
https://github.com/MobileFirstLLC/irregular-expressions.git,MobileFirstLLC/irregular-expressions,0.0,0
https://github.com/SufficientlySecure/offline-calendar.git,SufficientlySecure/offline-calendar,11.0,0
https://github.com/pR0Ps/LocationShare.git,pR0Ps/LocationShare,2.0,0
https://github.com/jeroen1602/lighthouse_pm.git,jeroen1602/lighthouse_pm,0.0,0
https://github.com/caarmen/network-monitor.git,caarmen/network-monitor,99.0,0
https://github.com/tube42/drumon.git,tube42/drumon,51.0,0
https://github.com/kivy-garden/zbarcam.git,kivy-garden/zbarcam,0.0,0
https://github.com/Wilm0r/giggity.git,Wilm0r/giggity,24.0,1
https://github.com/openintents/shoppinglist.git,openintents/shoppinglist,83.0,2
https://github.com/vbier/habpanelviewer.git,vbier/habpanelviewer,108.0,2
https://github.com/etesync/etesync-notes.git,etesync/etesync-notes,4.0,0
https://github.com/j4velin/WiFi-Automatic.git,j4velin/WiFi-Automatic,31.0,0
https://github.com/SufficientlySecure/calendar-import-export.git,SufficientlySecure/calendar-import-export,14.0,0
https://github.com/Faltenreich/Diaguard.git,Faltenreich/Diaguard,484.0,42
https://github.com/DimensionDev/TesserPG-Android.git,DimensionDev/TesserPG-Android,24.0,0
https://github.com/klassm/andFHEM.git,klassm/andFHEM,179.0,94
https://github.com/bherrmann7/Car-Cast.git,bherrmann7/Car-Cast,82.0,14
https://github.com/joshuacerdenia/NiceFeed.git,joshuacerdenia/NiceFeed,0.0,0
https://github.com/SmartPack/ScriptManager.git,SmartPack/ScriptManager,15.0,5
https://github.com/2Ra66it/updater-for-spotify.git,2Ra66it/updater-for-spotify,0.0,0
https://github.com/jlelse/teleposter.git,jlelse/teleposter,0.0,0
https://github.com/jruesga/rview.git,jruesga/rview,561.0,9
https://github.com/pavelsof/mobile-wormhole.git,pavelsof/mobile-wormhole,0.0,0
https://github.com/corphish/NightLight.git,corphish/NightLight,0.0,0
https://github.com/brarcher/protect-baby-monitor.git,brarcher/protect-baby-monitor,4.0,0
https://github.com/jclehner/rxdroid.git,jclehner/rxdroid,105.0,6
https://github.com/HenriDellal/emerald.git,HenriDellal/emerald,44.0,0
https://github.com/HenriDellal/emerald-dialer.git,HenriDellal/emerald-dialer,113.0,7
https://github.com/EvanRespaut/Equate.git,EvanRespaut/Equate,49.0,3
https://github.com/slartus/4pdaClient-plus.git,slartus/4pdaClient-plus,329.0,5
https://github.com/arduia/ProExpense.git,arduia/ProExpense,0.0,0
https://github.com/httpdispatch/MissedNotificationsReminder.git,httpdispatch/MissedNotificationsReminder,45.0,2
https://github.com/4nubhav/WhatsDeleted.git,4nubhav/WhatsDeleted,0.0,0
https://github.com/austinried/subtracks.git,austinried/subtracks,3.0,0
https://github.com/itprojects/InboxPager.git,itprojects/InboxPager,81.0,1
https://github.com/Crazy-Marvin/Morse.git,Crazy-Marvin/Morse,9.0,0
https://github.com/CorvetteCole/GotoSleep.git,CorvetteCole/GotoSleep,18.0,0
https://github.com/SecUSo/privacy-friendly-notes.git,SecUSo/privacy-friendly-notes,28.0,2
https://github.com/sunilpaulmathew/De-Bloater.git,sunilpaulmathew/De-Bloater,21.0,0
https://github.com/ITVlab/Launch-On-Boot.git,ITVlab/Launch-On-Boot,8.0,2
https://github.com/Seeneva/seeneva-reader-android.git,Seeneva/seeneva-reader-android,0.0,0
https://github.com/caarmen/poet-assistant.git,caarmen/poet-assistant,40.0,30
https://github.com/markusfisch/WaveLinesWallpaper.git,markusfisch/WaveLinesWallpaper,18.0,0
https://github.com/ValleZ/Paper-Wallet.git,ValleZ/Paper-Wallet,56.0,10
https://github.com/OpenArchive/Save-app-android.git,OpenArchive/Save-app-android,14.0,0
https://github.com/chr15m/PdDroidParty.git,chr15m/PdDroidParty,29.0,0
https://github.com/woefe/ShoppingList.git,woefe/ShoppingList,23.0,2
https://github.com/schaal/ocreader.git,schaal/ocreader,0.0,0
https://github.com/devgianlu/DNSHero.git,devgianlu/DNSHero,25.0,0
https://github.com/cotechde/termbot.git,cotechde/termbot,89.0,7
https://github.com/kamaravichow/safe-dot-android.git,kamaravichow/safe-dot-android,21.0,2
https://github.com/devgianlu/PretendYoureXyzzyAndroid.git,devgianlu/PretendYoureXyzzyAndroid,132.0,0
https://github.com/pp3345/ykDroid.git,pp3345/ykDroid,20.0,0
https://github.com/Techno-Disaster/tldr-flutter.git,Techno-Disaster/tldr-flutter,0.0,0
https://github.com/literal-io/literal.git,literal-io/literal,93.0,2
https://github.com/cvzi/ScreenshotTile.git,cvzi/ScreenshotTile,3.0,0
https://github.com/sarbajitsaha/Batch-Uninstaller.git,sarbajitsaha/Batch-Uninstaller,2.0,2
https://github.com/franciscofranco/Simple-Reboot-app.git,franciscofranco/Simple-Reboot-app,0.0,0
https://github.com/Fortyseven/ToneDef.git,Fortyseven/ToneDef,37.0,0
https://github.com/F4uzan/HgLauncher.git,F4uzan/HgLauncher,0.0,0
https://github.com/mafik/echo.git,mafik/echo,57.0,0
https://github.com/billthefarmer/sig-gen.git,billthefarmer/sig-gen,8.0,0
https://github.com/ChickenHook/StartFlagExploit.git,ChickenHook/StartFlagExploit,0.0,0
https://github.com/SecUSo/privacy-friendly-shopping-list.git,SecUSo/privacy-friendly-shopping-list,139.0,11
https://github.com/treehouses/remote.git,treehouses/remote,0.0,0
https://github.com/m3sv/PlainUPnP.git,m3sv/PlainUPnP,1.0,0
https://github.com/ZorinOS/zorin-connect-android.git,ZorinOS/zorin-connect-android,163.0,5
https://github.com/gatheringhallstudios/MHWorldDatabase.git,gatheringhallstudios/MHWorldDatabase,25.0,0
https://github.com/akhavr/electrum-dash.git,akhavr/electrum-dash,1.0,0
https://github.com/subchannel13/EnchantedFortress.git,subchannel13/EnchantedFortress,21.0,0
https://github.com/rascarlo/ArchPackages.git,rascarlo/ArchPackages,39.0,0
https://github.com/ligi/BLExplorer.git,ligi/BLExplorer,6.0,0
https://github.com/mcastorina/mpv-remote-app.git,mcastorina/mpv-remote-app,12.0,2
https://github.com/Utazukin/Ichaival.git,Utazukin/Ichaival,0.0,0
https://github.com/dougkeen/BartRunnerAndroid.git,dougkeen/BartRunnerAndroid,51.0,0
https://github.com/cgeo/WhereYouGo.git,cgeo/WhereYouGo,120.0,0
https://github.com/johan12345/EVMap.git,johan12345/EVMap,15.0,0
https://github.com/nhirokinet/bluelineconsole.git,nhirokinet/bluelineconsole,79.0,2
https://github.com/ultramega/elementary.git,ultramega/elementary,24.0,0
https://github.com/ostrya/PresencePublisher.git,ostrya/PresencePublisher,92.0,1
https://github.com/seguri/Lock.git,seguri/Lock,3.0,0
https://github.com/snikket-im/snikket-android.git,snikket-im/snikket-android,395.0,0
https://github.com/0ranko0P/AutoDark.git,0ranko0P/AutoDark,63.0,0
https://github.com/thibseisel/android-odeon.git,thibseisel/android-odeon,0.0,0
https://github.com/clemensbartz/essential-launcher.git,clemensbartz/essential-launcher,61.0,4
https://github.com/mueller-ma/Coffee.git,mueller-ma/Coffee,0.0,0
https://github.com/tckmn/semitone.git,tckmn/semitone,15.0,0
https://github.com/m-i-n-a-r/randomix.git,m-i-n-a-r/randomix,16.0,2
https://github.com/warmshowers/wsandroid.git,warmshowers/wsandroid,6.0,0
https://github.com/wseemann/RoMote.git,wseemann/RoMote,66.0,2
https://github.com/openintents/notepad.git,openintents/notepad,38.0,0
https://github.com/glpi-project/android-inventory-agent.git,glpi-project/android-inventory-agent,81.0,5
https://github.com/sanbeg/flashlight.git,sanbeg/flashlight,2.0,0
https://github.com/metabrainz/musicbrainz-android.git,metabrainz/musicbrainz-android,0.0,0
https://github.com/sorz/TinyKeePass.git,sorz/TinyKeePass,16.0,2
https://github.com/nwrkbiz/android-xserver.git,nwrkbiz/android-xserver,34.0,1
https://github.com/koelleChristian/trickytripper.git,koelleChristian/trickytripper,242.0,38
https://github.com/maltaisn/another-notes-app.git,maltaisn/another-notes-app,0.0,0
https://github.com/fixme-lausanne/MyHackerspace.git,fixme-lausanne/MyHackerspace,12.0,0
https://github.com/blockbasti/just_another_workout_timer.git,blockbasti/just_another_workout_timer,0.0,0
https://github.com/mikifus/padland.git,mikifus/padland,41.0,1
https://github.com/grote/BlitzMail.git,grote/BlitzMail,8.0,0
https://github.com/scoute-dich/Weather.git,scoute-dich/Weather,6.0,0
https://github.com/raag-music/raag.git,raag-music/raag,0.0,0
https://github.com/JonasBernard/FakeStandby.git,JonasBernard/FakeStandby,25.0,2
https://github.com/smarek/Simple-Dilbert.git,smarek/Simple-Dilbert,22.0,0
https://github.com/vackosar/search-based-launcher.git,vackosar/search-based-launcher,38.0,3
https://github.com/ScreamingHawk/phone-saver.git,ScreamingHawk/phone-saver,0.0,0
https://github.com/lolo-io/OneList.git,lolo-io/OneList,0.0,0
https://github.com/SmartPack/SmartFlasher.git,SmartPack/SmartFlasher,20.0,0
https://github.com/Flunzmas/seasoncalendar.git,Flunzmas/seasoncalendar,0.0,0
https://github.com/39aldo39/spaRSS-DecSync.git,39aldo39/spaRSS-DecSync,48.0,2
https://github.com/obfusk/jiten.git,obfusk/jiten,0.0,0
https://github.com/scoute-dich/QuitSmoking.git,scoute-dich/QuitSmoking,0.0,0
https://github.com/Bubu/android-calculatorpp.git,Bubu/android-calculatorpp,644.0,68
https://github.com/appml/neutrinote.git,appml/neutrinote,0.0,0
https://github.com/k3b/ToGoZip.git,k3b/ToGoZip,47.0,4
https://github.com/thetwom/toc2.git,thetwom/toc2,0.0,0
https://github.com/freshollie/UsbGps4Droid.git,freshollie/UsbGps4Droid,10.0,0
https://github.com/SpicyChair/pluvia_weather_flutter.git,SpicyChair/pluvia_weather_flutter,0.0,0
https://github.com/SubhamTyagi/openinwa.git,SubhamTyagi/openinwa,2.0,0
https://github.com/SpartanJ/ImgurViewer.git,SpartanJ/ImgurViewer,170.0,1
https://github.com/pyload/pyload-android.git,pyload/pyload-android,142.0,0
https://github.com/qcasey/paperless_share.git,qcasey/paperless_share,0.0,0
https://github.com/sunilpaulmathew/Translator.git,sunilpaulmathew/Translator,15.0,0
https://github.com/tobykurien/WebMediaShare.git,tobykurien/WebMediaShare,0.0,0
https://github.com/mvbasov/lWS.git,mvbasov/lWS,7.0,1
https://github.com/AdrianMiozga/GetFlow.git,AdrianMiozga/GetFlow,49.0,7
https://github.com/SecUSo/privacy-friendly-ludo.git,SecUSo/privacy-friendly-ludo,31.0,2
https://github.com/tigase/stork.git,tigase/stork,158.0,3
https://github.com/falzonv/discreet-launcher.git,falzonv/discreet-launcher,35.0,0
https://github.com/CTemplar/android.git,CTemplar/android,314.0,8
https://github.com/aeri/Nihonoari-App.git,aeri/Nihonoari-App,1.0,0
https://github.com/orhun/k3pler.git,orhun/k3pler,20.0,0
https://github.com/Akaflieg-Freiburg/enroute.git,Akaflieg-Freiburg/enroute,5.0,0
https://github.com/SensorApps/Sensors2OSC.git,SensorApps/Sensors2OSC,18.0,1
https://github.com/redwarp/gif-wallpaper.git,redwarp/gif-wallpaper,0.0,0
https://github.com/gregordr/Secure-Photo-Viewer.git,gregordr/Secure-Photo-Viewer,2.0,0
https://github.com/ScreamingHawk/android-slideshow.git,ScreamingHawk/android-slideshow,17.0,0
https://github.com/GarrettBeatty/arXiv-eXplorer.git,GarrettBeatty/arXiv-eXplorer,56.0,3
https://github.com/MuntashirAkon/SetEdit.git,MuntashirAkon/SetEdit,12.0,0
https://github.com/movim/movim_android.git,movim/movim_android,4.0,0
https://github.com/Teifun2/nextcloud-cookbook-flutter.git,Teifun2/nextcloud-cookbook-flutter,1.0,0
https://github.com/tobykurien/GoogleApps.git,tobykurien/GoogleApps,7.0,0
https://github.com/tobexyz/yaacc-code.git,tobexyz/yaacc-code,116.0,5
https://github.com/theolizard/remote-numpad.git,theolizard/remote-numpad,0.0,0
https://github.com/nathanj/ogsdroid.git,nathanj/ogsdroid,8.0,2
https://github.com/ChickenHook/BinderFuzzy.git,ChickenHook/BinderFuzzy,1.0,0
https://github.com/gsioteam/kinoko.git,gsioteam/kinoko,4.0,0
https://github.com/beatbrot/ScreenshotAssistant.git,beatbrot/ScreenshotAssistant,0.0,0
https://github.com/NachiketaVadera/EBookDownloader.git,NachiketaVadera/EBookDownloader,9.0,2
https://github.com/hiroshiyui/GuilelessBopomofo.git,hiroshiyui/GuilelessBopomofo,0.0,0
https://github.com/veniosg/JustSearch.git,veniosg/JustSearch,0.0,0
https://github.com/Dariasteam/Cows-Revenge.git,Dariasteam/Cows-Revenge,0.0,0
https://github.com/igrmk/smsq.git,igrmk/smsq,0.0,0
https://github.com/phw/Android-PwdHash.git,phw/Android-PwdHash,5.0,4
https://github.com/agersant/polaris-android.git,agersant/polaris-android,55.0,0
https://github.com/rtreffer/LocalGSMLocationProvider.git,rtreffer/LocalGSMLocationProvider,100.0,0
https://github.com/btcontract/lnwallet.git,btcontract/lnwallet,298.0,1
https://github.com/shlusiak/Freebloks-Android.git,shlusiak/Freebloks-Android,0.0,0
https://github.com/bogkonstantin/android_income_sms_gateway_webhook.git,bogkonstantin/android_income_sms_gateway_webhook,8.0,3
https://github.com/gwhiteside/abstract-art.git,gwhiteside/abstract-art,27.0,0
https://github.com/SmartPack/BusyBox-Installer.git,SmartPack/BusyBox-Installer,8.0,0
https://github.com/johannesjo/super-productivity-android.git,johannesjo/super-productivity-android,15.0,2
https://github.com/danvratil/FBEventSync.git,danvratil/FBEventSync,9.0,6
https://github.com/punksta/volume_control_android.git,punksta/volume_control_android,24.0,2
https://github.com/SecUSo/privacy-friendly-wifi-manager.git,SecUSo/privacy-friendly-wifi-manager,60.0,2
https://github.com/fr3ts0n/AndrOBD-Plugin.git,fr3ts0n/AndrOBD-Plugin,18.0,0
https://github.com/notriddle/null-launcher.git,notriddle/null-launcher,1.0,0
https://github.com/markusfisch/Libra.git,markusfisch/Libra,0.0,0
https://github.com/bubelov/news.git,bubelov/news,0.0,0
https://github.com/mo3rfan/syncplayer.git,mo3rfan/syncplayer,17.0,2
https://github.com/berdosi/HeartBeat.git,berdosi/HeartBeat,6.0,0
https://github.com/aceventura82/AppsDisabler.git,aceventura82/AppsDisabler,0.0,0
https://github.com/lbryio/lbry-fdroid.git,lbryio/lbry-fdroid,193.0,4
https://github.com/Domi04151309/HomeApp.git,Domi04151309/HomeApp,0.0,0
https://github.com/proninyaroslav/libretrack.git,proninyaroslav/libretrack,0.0,0
https://github.com/benjaminaigner/aiproute.git,benjaminaigner/aiproute,11.0,1
https://github.com/BennyKok/PxerStudio.git,BennyKok/PxerStudio,12.0,0
https://github.com/OpenTracksApp/OSMDashboard.git,OpenTracksApp/OSMDashboard,39.0,0
https://github.com/RyuzakiKK/NoteCrypt.git,RyuzakiKK/NoteCrypt,24.0,1
https://github.com/lufte/lona.git,lufte/lona,41.0,0
https://github.com/fabienli/DokuwikiAndroid.git,fabienli/DokuwikiAndroid,69.0,12
https://github.com/subins2000/manglish.git,subins2000/manglish,12.0,2
https://github.com/xloem/qrstream.git,xloem/qrstream,8.0,1
https://github.com/ruleant/getback_gps.git,ruleant/getback_gps,41.0,11
https://github.com/apozas/contactdiary.git,apozas/contactdiary,0.0,0
https://github.com/micwallace/reddinator.git,micwallace/reddinator,61.0,0
https://github.com/Spikatrix/LRC-Editor.git,Spikatrix/LRC-Editor,19.0,0
https://github.com/textbrowser/smoke.git,textbrowser/smoke,45.0,0
https://github.com/dh4/WeatherRadar.git,dh4/WeatherRadar,14.0,0
https://github.com/ligi/MaterialTeaTimer.git,ligi/MaterialTeaTimer,0.0,0
https://github.com/freshollie/monkeyboard-radio-android.git,freshollie/monkeyboard-radio-android,20.0,0
https://github.com/CorruptedArk/open-chaos-chess.git,CorruptedArk/open-chaos-chess,28.0,0
https://github.com/nicolasbrailo/PianOli.git,nicolasbrailo/PianOli,6.0,0
https://github.com/domoritz/open-mensa-android.git,domoritz/open-mensa-android,0.0,0
https://github.com/fi3te/NotificationCron.git,fi3te/NotificationCron,1.0,0
https://github.com/raatmarien/chibe.git,raatmarien/chibe,12.0,1
https://github.com/AliceCA/Overchan-Android.git,AliceCA/Overchan-Android,299.0,0
https://github.com/Domi04151309/BatteryTool.git,Domi04151309/BatteryTool,0.0,0
https://github.com/MarcDonald/Hibi.git,MarcDonald/Hibi,0.0,0
https://github.com/KeikaiLauncher/KeikaiLauncher.git,KeikaiLauncher/KeikaiLauncher,17.0,0
https://github.com/mvmike/min-cal-widget.git,mvmike/min-cal-widget,0.0,0
https://github.com/HackMyChurch/aelf-dailyreadings.git,HackMyChurch/aelf-dailyreadings,98.0,2
https://github.com/AndorsTrailRelease/andors-trail.git,AndorsTrailRelease/andors-trail,203.0,0
https://github.com/janoliver/pOT-Droid.git,janoliver/pOT-Droid,87.0,0
https://github.com/Lacerte/clima.git,Lacerte/clima,0.0,0
https://github.com/TBog/TBLauncher.git,TBog/TBLauncher,187.0,0
https://github.com/maxistar/TextPad.git,maxistar/TextPad,20.0,4
https://github.com/gryphius/androdns.git,gryphius/androdns,16.0,0
https://github.com/Domi04151309/PodsCompanion.git,Domi04151309/PodsCompanion,0.0,0
https://github.com/SecUSo/privacy-friendly-food-tracker.git,SecUSo/privacy-friendly-food-tracker,44.0,1
https://github.com/jtsalva/cloudmare.git,jtsalva/cloudmare,0.0,0
https://github.com/cerisara/DragonGoApp.git,cerisara/DragonGoApp,58.0,1
https://github.com/openbmap/radiocells-nlp-android.git,openbmap/radiocells-nlp-android,24.0,0
https://github.com/niccokunzmann/mundraub-android.git,niccokunzmann/mundraub-android,123.0,18
https://github.com/fenimore/badreads.git,fenimore/badreads,0.0,0
https://github.com/nickdurante/Spider.git,nickdurante/Spider,14.0,2
https://github.com/tengel/AndroidPlanisphere.git,tengel/AndroidPlanisphere,26.0,2
https://github.com/arpruss/sendreduced.git,arpruss/sendreduced,7.0,0
https://github.com/sentienhq/Sentien-Launcher.git,sentienhq/Sentien-Launcher,126.0,5
https://github.com/matejdro/PebbleDialer-Android.git,matejdro/PebbleDialer-Android,40.0,0
https://github.com/calcitem/Sanmill.git,calcitem/Sanmill,2.0,0
https://github.com/Alcidauk/CineLog.git,Alcidauk/CineLog,169.0,37
https://github.com/jpeddicord/speedofsound.git,jpeddicord/speedofsound,0.0,0
https://github.com/RodrigoDavy/PixelArtist.git,RodrigoDavy/PixelArtist,6.0,2
https://github.com/kmac/mindfulnotifier.git,kmac/mindfulnotifier,0.0,0
https://github.com/frrahat/Quran-For-My-Android.git,frrahat/Quran-For-My-Android,25.0,0
https://github.com/AndreMiras/QrScan.git,AndreMiras/QrScan,0.0,0
https://github.com/TheLastProject/RaiseToAnswer.git,TheLastProject/RaiseToAnswer,0.0,0
https://github.com/rignaneseleo/SlimSocial-for-Twitter.git,rignaneseleo/SlimSocial-for-Twitter,3.0,2
https://github.com/jklmnn/ParkenDD.git,jklmnn/ParkenDD,18.0,1
https://github.com/tunjid/digilux-android.git,tunjid/digilux-android,3.0,2
https://github.com/olgamiller/SSTVEncoder2.git,olgamiller/SSTVEncoder2,59.0,0
https://github.com/takke/DataStats.git,takke/DataStats,10.0,1
https://github.com/k3b/LosslessJpgCrop.git,k3b/LosslessJpgCrop,21.0,2
https://github.com/yuttadhammo/BodhiTimer.git,yuttadhammo/BodhiTimer,15.0,0
https://github.com/git-elliot/vernet.git,git-elliot/vernet,0.0,0
https://github.com/Pygmalion69/OpenTopoMapViewer.git,Pygmalion69/OpenTopoMapViewer,36.0,3
https://github.com/markusfisch/PieLauncher.git,markusfisch/PieLauncher,17.0,0
https://github.com/SecUSo/privacy-friendly-passwordgenerator.git,SecUSo/privacy-friendly-passwordgenerator,40.0,5
https://github.com/FunkyMuse/SubHub.git,FunkyMuse/SubHub,0.0,0
https://github.com/bpeel/prevo.git,bpeel/prevo,23.0,0
https://github.com/jfilter/frag-den-staat-app.git,jfilter/frag-den-staat-app,2.0,0
https://github.com/MartiniMoe/MIDICtrl.git,MartiniMoe/MIDICtrl,1.0,0
https://github.com/MarquisLP/World-Scribe.git,MarquisLP/World-Scribe,96.0,2
https://github.com/retrowars/retrowars.git,retrowars/retrowars,1.0,0
https://github.com/noahjutz/Splitfit.git,noahjutz/Splitfit,1.0,0
https://github.com/abhinavmarwaha/curator.git,abhinavmarwaha/curator,0.0,0
https://github.com/trolley813/OpenFool.git,trolley813/OpenFool,1.0,0
https://github.com/sadr0b0t/yashlang.git,sadr0b0t/yashlang,52.0,0
https://github.com/OAndell/Riksdagskollen.git,OAndell/Riksdagskollen,153.0,5
https://github.com/BootBoi/android-app.git,BootBoi/android-app,6.0,2
https://github.com/billthefarmer/notes.git,billthefarmer/notes,16.0,0
https://github.com/R4md4c/GameDealz.git,R4md4c/GameDealz,0.0,0
https://github.com/zhanghai/TextSelectionWebSearch.git,zhanghai/TextSelectionWebSearch,3.0,0
https://github.com/developerfromjokela/motioneye-client.git,developerfromjokela/motioneye-client,53.0,2
https://github.com/brarcher/baby-sleep-sounds.git,brarcher/baby-sleep-sounds,5.0,0
https://github.com/fvasco/pinpoi.git,fvasco/pinpoi,1.0,0
https://github.com/abhinavmarwaha/wrotto-app.git,abhinavmarwaha/wrotto-app,0.0,0
https://github.com/SimoneTinella/Stato_COVID19_Italia_Android.git,SimoneTinella/Stato_COVID19_Italia_Android,20.0,0
https://github.com/MuntashirAkon/unapkm-android.git,MuntashirAkon/unapkm-android,12.0,6
https://github.com/mattvchandler/ProgressBars.git,mattvchandler/ProgressBars,0.0,0
https://github.com/JanmanX/EncryptTextApp.git,JanmanX/EncryptTextApp,5.0,2
https://github.com/yogeshpaliyal/KeyPass.git,yogeshpaliyal/KeyPass,3.0,0
https://github.com/SecUSo/privacy-friendly-torchlight.git,SecUSo/privacy-friendly-torchlight,8.0,0
https://github.com/DecentralizedAmateurPagingNetwork/DAPNETApp.git,DecentralizedAmateurPagingNetwork/DAPNETApp,34.0,0
https://github.com/Kestutis-Z/World-Weather.git,Kestutis-Z/World-Weather,88.0,9
https://github.com/LinwoodCloud/dev_doctor.git,LinwoodCloud/dev_doctor,0.0,0
https://github.com/Mookiies/CircoIconPack.git,Mookiies/CircoIconPack,4.0,0
https://github.com/luelista/friendica-for-android.git,luelista/friendica-for-android,44.0,0
https://github.com/Andrewerr/NextcloudServices.git,Andrewerr/NextcloudServices,16.0,2
https://github.com/gjedeer/Acastus.git,gjedeer/Acastus,10.0,2
https://github.com/akaessens/NoFbEventScraper.git,akaessens/NoFbEventScraper,15.0,3
https://github.com/MBach/LeMondeRssReader.git,MBach/LeMondeRssReader,5.0,0
https://github.com/wildeyedskies/Soft-Sound.git,wildeyedskies/Soft-Sound,0.0,0
https://github.com/beat-feet/beat-feet.git,beat-feet/beat-feet,2.0,0
https://github.com/gabm/FancyPlaces.git,gabm/FancyPlaces,36.0,0
https://github.com/TheMetallists/LoudBang.git,TheMetallists/LoudBang,18.0,0
https://github.com/0xpr03/VocableTrainer-Android.git,0xpr03/VocableTrainer-Android,78.0,3
https://github.com/impalex/knockonports.git,impalex/knockonports,0.0,0
https://github.com/SecUSo/privacy-friendly-werewolf.git,SecUSo/privacy-friendly-werewolf,38.0,3
https://github.com/Nyubis/Pomfshare.git,Nyubis/Pomfshare,0.0,0
https://github.com/k3b/LocationMapViewer.git,k3b/LocationMapViewer,35.0,3
https://github.com/privacybydesign/irmamobile.git,privacybydesign/irmamobile,7.0,1
https://github.com/ncosgray/cuppa_mobile.git,ncosgray/cuppa_mobile,2.0,0
https://github.com/tux4kids/Tuxpaint-Android.git,tux4kids/Tuxpaint-Android,24.0,0
https://github.com/Domi04151309/PowerApp.git,Domi04151309/PowerApp,0.0,0
https://github.com/ajh3/NoSurfForReddit.git,ajh3/NoSurfForReddit,48.0,0
https://github.com/Waboodoo/Status-Bar-Tachometer.git,Waboodoo/Status-Bar-Tachometer,0.0,0
https://github.com/SecUSo/privacy-friendly-interval-timer.git,SecUSo/privacy-friendly-interval-timer,35.0,0
https://github.com/SecUSo/privacy-friendly-memo-game.git,SecUSo/privacy-friendly-memo-game,31.0,3
https://github.com/retrobits/son_of_hunkypunk.git,retrobits/son_of_hunkypunk,44.0,0
https://github.com/skewyapp/skewy1-0.git,skewyapp/skewy1-0,42.0,2
https://github.com/btimofeev/instead-launcher-android.git,btimofeev/instead-launcher-android,8.0,0
https://github.com/ubipo/osmfocus.git,ubipo/osmfocus,0.0,0
https://github.com/MrReSc/Headi.git,MrReSc/Headi,22.0,2
https://github.com/richsmith/sexytopo.git,richsmith/sexytopo,178.0,39
https://github.com/Crazy-Marvin/Flashy.git,Crazy-Marvin/Flashy,4.0,2
https://github.com/SecUSo/privacy-friendly-pain-diary.git,SecUSo/privacy-friendly-pain-diary,46.0,3
https://github.com/MrDoomy/Torch.git,MrDoomy/Torch,9.0,1
https://github.com/sanderbaas/WeatherWidget.git,sanderbaas/WeatherWidget,14.0,2
https://github.com/SecUSo/privacy-friendly-ruler.git,SecUSo/privacy-friendly-ruler,14.0,2
https://github.com/scubajeff/Setter.git,scubajeff/Setter,0.0,0
https://github.com/mimoguz/tripeaks-gdx.git,mimoguz/tripeaks-gdx,0.0,0
https://github.com/vcmi/vcmi-android.git,vcmi/vcmi-android,59.0,0
https://github.com/red-coracle/episodes.git,red-coracle/episodes,47.0,0
https://github.com/kraigs-android/kraigsandroid.git,kraigs-android/kraigsandroid,19.0,0
https://github.com/CarnetApp/CarnetFdroid.git,CarnetApp/CarnetFdroid,0.0,0
https://github.com/aidin36/simpletextcrypt.git,aidin36/simpletextcrypt,15.0,5
https://github.com/eboudrant/net.ebt.muzei.miyazaki.git,eboudrant/net.ebt.muzei.miyazaki,0.0,0
https://github.com/Keidan/HexViewer.git,Keidan/HexViewer,61.0,1
https://github.com/jfoclpf/in-my-district.git,jfoclpf/in-my-district,0.0,0
https://github.com/babydots/babydots.git,babydots/babydots,0.0,0
https://github.com/Kr0oked/Compass.git,Kr0oked/Compass,0.0,0
https://github.com/fenimore/DemocracyDroid.git,fenimore/DemocracyDroid,26.0,0
https://github.com/abhijitvalluri/fitnotifications.git,abhijitvalluri/fitnotifications,471.0,3
https://github.com/kaaholst/android-squeezer.git,kaaholst/android-squeezer,171.0,8
https://github.com/pebble-dev/rebble-sideloader.git,pebble-dev/rebble-sideloader,0.0,0
https://github.com/brianhorn/Tunerly.git,brianhorn/Tunerly,0.0,0
https://github.com/theblackwidower/KanaQuiz.git,theblackwidower/KanaQuiz,60.0,9
https://github.com/bvlj/diab.git,bvlj/diab,0.0,0
https://github.com/fralik/Duorem.git,fralik/Duorem,20.0,1
https://github.com/muety/anchr-android.git,muety/anchr-android,1.0,0
https://github.com/ChristopherGittner/OSMBugs.git,ChristopherGittner/OSMBugs,0.0,0
https://github.com/SimonMarquis/SleepTimer.git,SimonMarquis/SleepTimer,0.0,0
https://github.com/rgex/UBIC-android-wallet.git,rgex/UBIC-android-wallet,56.0,2
https://github.com/hauke96/GeoNotes.git,hauke96/GeoNotes,25.0,3
https://github.com/albertvaka/bettercounter.git,albertvaka/bettercounter,0.0,0
https://github.com/gelin/weather-notification.git,gelin/weather-notification,184.0,24
https://github.com/JiriSko/amixer-webui-android.git,JiriSko/amixer-webui-android,39.0,2
https://github.com/scoute-dich/HHSMoodle.git,scoute-dich/HHSMoodle,7.0,0
https://github.com/zikalify/StoicReading.git,zikalify/StoicReading,773.0,139
https://github.com/sal0max/currencies.git,sal0max/currencies,2.0,0
https://github.com/RailwayStations/RSAndroidApp.git,RailwayStations/RSAndroidApp,65.0,4
https://github.com/DoubleGremlin181/WhatsApp-Twitch-Stickers.git,DoubleGremlin181/WhatsApp-Twitch-Stickers,18.0,0
https://github.com/samotari/paynoway.git,samotari/paynoway,0.0,0
https://github.com/KaeruCT/GLXY.git,KaeruCT/GLXY,14.0,0
https://github.com/0x5ECF4ULT/PanicTrigger.git,0x5ECF4ULT/PanicTrigger,11.0,2
https://github.com/rascarlo/PowerButtonTile.git,rascarlo/PowerButtonTile,10.0,0
https://github.com/ashutoshgngwr/10-bitClockWidget.git,ashutoshgngwr/10-bitClockWidget,9.0,0
https://github.com/cubei/flashcards.git,cubei/flashcards,14.0,2
https://github.com/fabmazz/Timber.git,fabmazz/Timber,164.0,1
https://github.com/devmil/muzei-bingimageoftheday.git,devmil/muzei-bingimageoftheday,1.0,1
https://github.com/OSRSHelper/OSRSHelper.git,OSRSHelper/OSRSHelper,128.0,0
https://github.com/SecUSo/privacy-friendly-dame.git,SecUSo/privacy-friendly-dame,20.0,2
https://github.com/SoltauFintel/blockpuzzle.git,SoltauFintel/blockpuzzle,147.0,2
https://github.com/HappyPeng2x/SumatoraDictionary.git,HappyPeng2x/SumatoraDictionary,57.0,2
https://github.com/FredJul/Warmd.git,FredJul/Warmd,0.0,0
https://github.com/JuliusHenke/Timetable-App.git,JuliusHenke/Timetable-App,6.0,0
https://github.com/ktt-ol/hacs.git,ktt-ol/hacs,31.0,1
https://github.com/dasbiswajit/worldclockwidget.git,dasbiswajit/worldclockwidget,56.0,0
https://github.com/tube42/9P.git,tube42/9P,39.0,0
https://github.com/Gitsaibot/AF-Weather-Widget.git,Gitsaibot/AF-Weather-Widget,39.0,0
https://github.com/Glitchy-Tozier/githo.git,Glitchy-Tozier/githo,0.0,0
https://github.com/basil2style/Sudoku-Pattern-Generator-App.git,basil2style/Sudoku-Pattern-Generator-App,3.0,1
https://github.com/brentvollebregt/price-per-unit.git,brentvollebregt/price-per-unit,8.0,2
https://github.com/OneTimePass/OneTimePass.git,OneTimePass/OneTimePass,31.0,2
https://github.com/bradyt/taskw-dart.git,bradyt/taskw-dart,0.0,0
https://github.com/czlee/debatekeeper.git,czlee/debatekeeper,43.0,0
https://github.com/marc136/tonuino-nfc-tools.git,marc136/tonuino-nfc-tools,0.0,0
https://github.com/vadret/android.git,vadret/android,0.0,8
https://github.com/daverix/urlforwarder.git,daverix/urlforwarder,0.0,0
https://github.com/mattvchandler/2050.git,mattvchandler/2050,0.0,0
https://github.com/wildeyedskies/log28.git,wildeyedskies/log28,19.0,1
https://github.com/wellenvogel/BonjourBrowser.git,wellenvogel/BonjourBrowser,9.0,0
https://github.com/SpiritCroc/DarkCroc-Android-theme.git,SpiritCroc/DarkCroc-Android-theme,6.0,0
https://github.com/warenix/Web2PDF.git,warenix/Web2PDF,13.0,1
https://github.com/zikalify/BMI_Calculator.git,zikalify/BMI_Calculator,1.0,0
https://github.com/podverse/podverse-fdroid.git,podverse/podverse-fdroid,2.0,0
https://github.com/Infomaniak/android-kDrive.git,Infomaniak/android-kDrive,0.0,0
https://github.com/xxxcucus/planes.git,xxxcucus/planes,67.0,15
https://github.com/felixwiemuth/SimpleReminder.git,felixwiemuth/SimpleReminder,27.0,2
https://github.com/dawidd6/AndTTT.git,dawidd6/AndTTT,115.0,0
https://github.com/xorum-io/open_money_tracker.git,xorum-io/open_money_tracker,102.0,14
https://github.com/nighthawk-apps/nighthawk-wallet-android.git,nighthawk-apps/nighthawk-wallet-android,0.0,0
https://github.com/WIStudent/FreifunkAutoConnectApp.git,WIStudent/FreifunkAutoConnectApp,27.0,1
https://github.com/adolfintel/DozeOff.git,adolfintel/DozeOff,3.0,0
https://github.com/ktprograms/Ohms_Now.git,ktprograms/Ohms_Now,0.0,0
https://github.com/patrickkostjens/Kandroid.git,patrickkostjens/Kandroid,85.0,3
https://github.com/WooKeyWallet/monero-wallet-android-app.git,WooKeyWallet/monero-wallet-android-app,42.0,0
https://github.com/andstatus/game2048.git,andstatus/game2048,0.0,0
https://github.com/niccokunzmann/coloring-book.git,niccokunzmann/coloring-book,88.0,9
https://github.com/marunjar/anewjkuapp.git,marunjar/anewjkuapp,156.0,1
https://github.com/Forceu/barcodebuddy-android.git,Forceu/barcodebuddy-android,15.0,2
https://github.com/CNugteren/NLWeer.git,CNugteren/NLWeer,0.0,0
https://github.com/eknoes/golem-android-reader.git,eknoes/golem-android-reader,13.0,1
https://github.com/vukani-dev/improvement-roll.git,vukani-dev/improvement-roll,3.0,0
https://github.com/Y0ngg4n/fluffy_board.git,Y0ngg4n/fluffy_board,0.0,0
https://github.com/CorruptedArk/did-i-take-my-meds.git,CorruptedArk/did-i-take-my-meds,0.0,0
https://github.com/GittyMac/WalletCount.git,GittyMac/WalletCount,6.0,0
https://github.com/brarcher/gift-card-guard.git,brarcher/gift-card-guard,14.0,6
https://github.com/knirirr/BeeCount.git,knirirr/BeeCount,32.0,0
https://github.com/SecUSo/privacy-friendly-finance-manager.git,SecUSo/privacy-friendly-finance-manager,75.0,1
https://github.com/twentynine78/KeepOn.git,twentynine78/KeepOn,0.0,0
https://github.com/SecUSo/privacy-friendly-minesweeper.git,SecUSo/privacy-friendly-minesweeper,33.0,2
https://github.com/kwantam/batsHIIT.git,kwantam/batsHIIT,3.0,0
https://github.com/Marmo/debitum.git,Marmo/debitum,48.0,6
https://github.com/joshuawolfsohn/Private-DNS-Quick-Tile.git,joshuawolfsohn/Private-DNS-Quick-Tile,2.0,0
https://github.com/h0chi/next-companion.git,h0chi/next-companion,8.0,2
https://github.com/Danesprite/tts-util-app.git,Danesprite/tts-util-app,2.0,2
https://github.com/lowtraxx/TSVNC.git,lowtraxx/TSVNC,58.0,0
https://github.com/vanilla-music/vanilla-music-lyrics-search.git,vanilla-music/vanilla-music-lyrics-search,5.0,0
https://github.com/AndroidFromFrankfurt/linuxnews.git,AndroidFromFrankfurt/linuxnews,7.0,2
https://github.com/TheLastProject/ShareToInputStick.git,TheLastProject/ShareToInputStick,0.0,0
https://github.com/Sw24Softwares/StarkeVerben.git,Sw24Softwares/StarkeVerben,22.0,3
https://github.com/peercoin/peercoin_flutter.git,peercoin/peercoin_flutter,0.0,0
https://github.com/daniel-beckham/nasa-imagery-fetcher.git,daniel-beckham/nasa-imagery-fetcher,34.0,0
https://github.com/vanilla-music/vanilla-music-tag-editor.git,vanilla-music/vanilla-music-tag-editor,4.0,0
https://github.com/vanitasvitae/EnigmAndroid.git,vanitasvitae/EnigmAndroid,42.0,0
https://github.com/yourealwaysbe/forkyz.git,yourealwaysbe/forkyz,124.0,12
https://github.com/communitymedia/mediaphone.git,communitymedia/mediaphone,39.0,0
https://github.com/cvzi/darkmodewallpaper.git,cvzi/darkmodewallpaper,0.0,0
https://github.com/mirfatif/NoorUlHuda.git,mirfatif/NoorUlHuda,55.0,0
https://github.com/XDDK/LightPlan.git,XDDK/LightPlan,1.0,0
https://github.com/infinyte7/Anki-Occlusion.git,infinyte7/Anki-Occlusion,72.0,0
https://github.com/5seunghoon/PreviewMaker.git,5seunghoon/PreviewMaker,0.0,0
https://github.com/c4dt/dp3t-app-android-ch.git,c4dt/dp3t-app-android-ch,116.0,3
https://github.com/EvilInsultGenerator/android-app.git,EvilInsultGenerator/android-app,0.0,2
https://github.com/qw123wh/Aospdeskclock.git,qw123wh/Aospdeskclock,159.0,0
https://github.com/nishant-boro/split-it-easy-android.git,nishant-boro/split-it-easy-android,36.0,2
https://github.com/simenheg/simple-chess-clock.git,simenheg/simple-chess-clock,3.0,0
https://github.com/Willena/OpenDNSUpdater.git,Willena/OpenDNSUpdater,43.0,2
https://github.com/UnifiedPush/gotify-android.git,UnifiedPush/gotify-android,72.0,7
https://github.com/svenjacobs/leon.git,svenjacobs/leon,0.0,0
https://github.com/rocboronat/null-black-wallpaper.git,rocboronat/null-black-wallpaper,1.0,0
https://github.com/starryalley/AmbitSync.git,starryalley/AmbitSync,6.0,0
https://github.com/scintill/DuOTP-android.git,scintill/DuOTP-android,4.0,1
https://github.com/ClassicDIY/ClassicMonitor.git,ClassicDIY/ClassicMonitor,151.0,3
https://github.com/sensebox/blockly-app.git,sensebox/blockly-app,0.0,0
https://github.com/DoliCloud/DoliDroid.git,eldy/DoliDroid,18.0,0
https://github.com/chrismiceli/motp.git,chrismiceli/motp,8.0,0
https://github.com/brarcher/rental-calc.git,brarcher/rental-calc,42.0,16
https://github.com/TripSit/tripmobile.git,TripSit/tripmobile,35.0,0
https://github.com/phw/PicardBarcodeScanner.git,phw/PicardBarcodeScanner,0.0,0
https://github.com/SecUSo/privacy-friendly-reckoning-skills.git,SecUSo/privacy-friendly-reckoning-skills,24.0,2
https://github.com/restorer/fire-strike.git,restorer/fire-strike,124.0,0
https://github.com/SecUSo/privacy-friendly-dicer.git,SecUSo/privacy-friendly-dicer,10.0,1
https://github.com/SecUSo/privacy-friendly-pausing-healthily.git,SecUSo/privacy-friendly-pausing-healthily,34.0,1
https://github.com/SecUSo/privacy-friendly-pin-mnemonic.git,SecUSo/privacy-friendly-pin-mnemonic,13.0,1
https://github.com/tim-smart/vouchervault.git,tim-smart/vouchervault,0.0,0
https://github.com/SecUSo/privacy-friendly-sketching.git,SecUSo/privacy-friendly-sketching,24.0,4
https://github.com/MrDoomy/OverFlow.git,MrDoomy/OverFlow,25.0,2
https://github.com/luelista/LDAP-Sync.git,luelista/LDAP-Sync,23.0,2
https://github.com/namlit/siteswap_generator.git,namlit/siteswap_generator,48.0,10
https://github.com/AnaelMobilia/NextINpact-Unofficial.git,AnaelMobilia/NextINpact-Unofficial,39.0,1
https://github.com/ndleyton/OneTwo.git,ndleyton/OneTwo,16.0,2
https://github.com/SecUSo/privacy-friendly-2048.git,SecUSo/privacy-friendly-2048,22.0,2
https://github.com/abhinandanarya06/SHELL.git,abhinandanarya06/SHELL,9.0,2
https://github.com/pretix/pretixscan-android.git,pretix/pretixscan-android,6.0,0
https://github.com/forrestguice/SuntimesCalendars.git,forrestguice/SuntimesCalendars,39.0,2
https://github.com/queler/holokenmod.git,queler/holokenmod,20.0,0
https://github.com/fistons/TinyTinyFeed.git,fistons/TinyTinyFeed,22.0,0
https://github.com/ramzan/Virtuosity.git,ramzan/Virtuosity,0.0,0
https://github.com/nikolajakshic/dagger.git,nikolajakshic/dagger,0.0,0
https://github.com/mrahimygk/conceal.git,mrahimygk/conceal,6.0,0
https://github.com/SecUSo/privacy-friendly-tape-measure.git,SecUSo/privacy-friendly-tape-measure,31.0,2
https://github.com/wa2c/cifs-documents-provider.git,wa2c/cifs-documents-provider,0.0,0
https://github.com/adolfintel/sine-android.git,adolfintel/sine-android,0.0,0
https://github.com/hoihei/Silectric.git,hoihei/Silectric,17.0,3
https://github.com/apesic/rpncalc.git,apesic/rpncalc,0.0,0
https://github.com/ReleaseStandard/ScriptManager.git,ReleaseStandard/ScriptManager,24.0,5
https://github.com/devasworski/Corona-Info.git,devasworski/Corona-Info,0.0,0
https://github.com/thetwom/Tuner.git,thetwom/Tuner,0.0,0
https://github.com/Harvie/NorthDog.git,Harvie/NorthDog,2.0,0
https://github.com/joaomneto/TitanCompanion.git,joaomneto/TitanCompanion,51.0,0
https://github.com/jdfossapps/shop-with-mom.git,jdfossapps/shop-with-mom,0.0,0
https://github.com/jaredforrest/nonocross.git,jaredforrest/nonocross,0.0,0
https://github.com/benjaminSchilling33/congress_fahrplan.git,benjaminSchilling33/congress_fahrplan,1.0,0
https://github.com/indiandragon/Shellshock-Vulnerability-Scan.git,indiandragon/Shellshock-Vulnerability-Scan,2.0,1
https://github.com/characterdog/share-my-number.git,characterdog/share-my-number,7.0,1
https://github.com/mirfatif/MyLocation.git,mirfatif/MyLocation,20.0,0
https://github.com/chrismiceli/daap-client.git,chrismiceli/daap-client,47.0,0
https://github.com/carlphilipp/chicago-commutes.git,carlphilipp/chicago-commutes,6.0,1
https://github.com/characterdog/bmi-calculator.git,characterdog/bmi-calculator,3.0,1
https://github.com/enguerrand/child-monitor.git,enguerrand/child-monitor,7.0,0
https://github.com/manimaran96/Spell4Wiki.git,manimaran96/Spell4Wiki,2.0,0
https://github.com/Shirakumo/Ocelot.git,Shirakumo/Ocelot,109.0,1
https://github.com/hugomg/DailyPill.git,hugomg/DailyPill,0.0,0
https://github.com/fraygeyst/Contactbook.git,fraygeyst/Contactbook,18.0,2
https://github.com/tsapree/L9Droid.git,tsapree/L9Droid,20.0,0
https://github.com/ManeraKai/simplytranslate_mobile.git,ManeraKai/simplytranslate-flutter-client,0.0,0
https://github.com/aragaer/jtt_android.git,aragaer/jtt_android,71.0,26
https://github.com/gujjwal00/avnc.git,gujjwal00/avnc,0.0,0
https://github.com/sultanahamer/PermissionsManager.git,sultanahamer/PermissionsManager,11.0,2
https://github.com/tabletradio/altlauncher.git,tabletradio/altlauncher,13.0,0
https://github.com/mileskrell/text-torch.git,mileskrell/text-torch,0.0,0
https://github.com/SecUSo/privacy-friendly-dice-game.git,SecUSo/privacy-friendly-dice-game,13.0,2
https://github.com/ramzan/DiceGainz.git,ramzan/DiceGainz,0.0,0
https://github.com/pR0Ps/DisableBatteryWarnings.git,pR0Ps/DisableBatteryWarnings,1.0,0
https://github.com/phrogg/DSAAssistant.git,phrogg/DSAAssistant,13.0,0
https://github.com/phrogg/GetMiTokens.git,phrogg/GetMiTokens,5.0,2
https://github.com/JohnLines/mediclog.git,JohnLines/mediclog,7.0,0
https://github.com/Bubu/android-dice-game.git,Bubu/android-dice-game,19.0,0
https://github.com/vanilla-music/vanilla-music-cover-fetch.git,vanilla-music/vanilla-music-cover-fetch,4.0,0
https://github.com/CodeDead/DeadHash-android.git,CodeDead/DeadHash-android,11.0,0
https://github.com/MarcoSpoerl/simply-pace.git,MarcoSpoerl/simply-pace,17.0,2
https://github.com/marcopar/SliderSynth.git,marcopar/SliderSynth,20.0,0
https://github.com/SecUSo/privacy-friendly-solitaire.git,SecUSo/privacy-friendly-solitaire,43.0,5
https://github.com/corenting/InflationCalculator.git,corenting/InflationCalculator,0.0,0
https://github.com/yauhen-l/gardine.git,yauhen-l/gardine,11.0,1
https://github.com/rosenpin/screenshot-sharer.git,rosenpin/screenshot-sharer,0.0,0
https://github.com/LithiumSR/openstud_client.git,LithiumSR/openstud_client,67.0,2
https://github.com/andviane/prism.git,andviane/prism,12.0,0
https://github.com/zouroboros/feed-watcher.git,zouroboros/feed-watcher,3.0,0
https://github.com/tmo1/sms-ie.git,tmo1/sms-ie,0.0,0
https://github.com/jonathanklee/VolumeLockr.git,jonathanklee/VolumeLockr,0.0,0
https://github.com/josephmoyer/Hangman-Android.git,josephmoyer/Hangman-Android,3.0,1
https://github.com/ktprograms/WaterTracker.git,ktprograms/WaterTracker,0.0,0
https://github.com/lavabit/pahoehoe.git,lavabit/pahoehoe,312.0,27
https://github.com/NathanielMotus/UmlClassEditor.git,NathanielMotus/UmlClassEditor,25.0,0
https://github.com/GaryOderNichts/SimpleAppDowngrader.git,GaryOderNichts/SimpleAppDowngrader,3.0,2
https://github.com/meteocool/android.git,meteocool/android,0.0,8
https://github.com/meyerd/funktrainer.git,meyerd/funktrainer,24.0,1
https://github.com/sanskritbscs/memory.git,sanskritbscs/memory,0.0,0
https://github.com/dfrits/MobilePauker2.git,dfrits/MobilePauker2,64.0,0
https://github.com/timo-a/SudoQ.git,timo-a/SudoQ,119.0,76
https://github.com/pla1/FediPhoto.git,pla1/FediPhoto,9.0,0
https://github.com/chaosdorf/meteroid.git,chaosdorf/meteroid,25.0,0
https://github.com/PierreBresson/Cause-Commune.git,PierreBresson/Cause-Commune,2.0,0
https://github.com/jevonlongdell/nztides.git,jevonlongdell/nztides,3.0,0
https://github.com/docspell/android-client.git,docspell/android-client,19.0,2
https://github.com/LinDevHard/raspb-finder.git,LinDevHard/raspb-finder,0.0,0
https://github.com/jazzm0/ssh-daemon.git,jazzm0/ssh-daemon,16.0,6
https://github.com/Reepeecheep/NumberGuesser.git,Reepeecheep/NumberGuesser,1.0,0
https://github.com/allan-simon/verbiste-android.git,allan-simon/verbiste-android,4.0,0
https://github.com/leinardi/UbuntuCountdownWidget.git,leinardi/UbuntuCountdownWidget,0.0,0
https://github.com/ktsr42/RsyncServerApp.git,ktsr42/RsyncServerApp,6.0,2
https://github.com/zouroboros/filmchecker.git,zouroboros/filmchecker,42.0,0
https://github.com/kb-1000/android-torchlight.git,kb-1000/android-torchlight,0.0,0
https://github.com/justdave/nwsweatheralertswidget.git,justdave/nwsweatheralertswidget,0.0,0
https://github.com/nelenkov/wwwjdic.git,nelenkov/wwwjdic,152.0,5
https://github.com/gregordr/Mining-Helper-for-EVE-Online.git,gregordr/Mining-Helper-for-EVE-Online,23.0,0
https://github.com/ntruchsess/send2car.git,ntruchsess/send2car,44.0,0
https://github.com/quaddy-services/DynamicNightLight.git,quaddy-services/DynamicNightLight,8.0,2
https://github.com/GittyMac/MoClock.git,GittyMac/MoClock,7.0,2
https://github.com/stastnypremysl/Mines3D.git,stastnypremysl/Mines3D,32.0,2
https://github.com/onitake/kanjirecog.git,onitake/kanjirecog,32.0,7
https://github.com/lucasew/limpazap.git,lucasew/limpazap,1.0,0
https://github.com/machiav3lli/DerDieDas.git,machiav3lli/DerDieDas,2.0,2
https://github.com/heb12/heb12-mobile.git,heb12/heb12-mobile,3.0,2
https://github.com/Piraten-Tools/spickerrr.git,Piraten-Tools/spickerrr,24.0,0
https://github.com/YacGroup/yacguide.git,YacGroup/yacguide,0.0,0
https://github.com/rnauber/xskat-android.git,rnauber/xskat-android,9.0,0
https://github.com/WKenya/bookmarkOS.git,WKenya/bookmarkOS,5.0,2
https://github.com/deftkHD/OpenWebWeaver-Android.git,deftkHD/OpenWebWeaver-Android,0.0,0
https://github.com/TylerWilliamson/QuickWeather.git,TylerWilliamson/QuickWeather,35.0,0
https://github.com/caresteouvert/caresteouvert_android.git,caresteouvert/caresteouvert_android,0.0,0
https://github.com/dozingcat/Kumquats.git,dozingcat/Kumquats,0.0,0
https://github.com/mueller-ma/PrepaidBalance.git,mueller-ma/PrepaidBalance,0.0,0
https://github.com/jdmonin/anstop.git,jdmonin/anstop,8.0,0
https://github.com/saiga006/message-finder.git,saiga006/message-finder,10.0,2
https://github.com/obfusk/sokobang.git,obfusk/sokobang,0.0,0
https://github.com/jeremymarch/HopliteKB-Android.git,jeremymarch/HopliteKB-Android,14.0,0
https://github.com/mzhang/cleanTimer.git,mzhang/cleanTimer,6.0,2
https://github.com/sschueller/easyrepost.git,sschueller/easyrepost,25.0,2
https://github.com/seoulcodingcafe/HashEasily.git,seoulcodingcafe/HashEasily,16.0,0
https://github.com/StefanOltmann/Kaesekaestchen.git,StefanOltmann/Kaesekaestchen,0.0,0
https://github.com/mathisdt/sdbviewer.git,mathisdt/sdbviewer,16.0,2
https://github.com/NoProvider2Push/android.git,NoProvider2Push/android,0.0,8
https://github.com/SecUSo/privacy-friendly-boardgame-clock.git,SecUSo/privacy-friendly-boardgame-clock,48.0,2
https://github.com/SecUSo/privacy-friendly-circuit-training-exercises.git,SecUSo/privacy-friendly-circuit-training-exercises,44.0,0
https://github.com/MarcelJurtz/LifeCounter.git,MarcelJurtz/LifeCounter,2.0,2
https://github.com/artyommironov/nanji.git,artyommironov/nanji,0.0,0
https://github.com/Valodim/Stratum0Widget.git,Valodim/Stratum0Widget,0.0,0
https://github.com/EmmanuelMess/DeadlinesApp.git,EmmanuelMess/DeadlinesApp,0.0,0
https://github.com/corenting/ParisTransportTraffic.git,corenting/ParisTransportTraffic,0.0,0
https://github.com/handyopensource/HOSDVK-EasyPhone.git,handyopensource/HOSDVK-EasyPhone,2.0,2
https://github.com/famoser/Mensa.git,famoser/Mensa,0.0,0
https://github.com/hadeutscher/HaRail_Android.git,hadeutscher/HaRail_Android,14.0,0
https://github.com/techie66/EngineDataLogger---Dashboard.git,techie66/EngineDataLogger---Dashboard,15.0,2
https://github.com/OtobiKB/OtobiKeyboard.git,OtobiKB/OtobiKeyboard,235.0,1
https://github.com/gkalab/scidonthego.git,gkalab/scidonthego,80.0,0
https://github.com/zorgluf/souvenirs-android.git,zorgluf/souvenirs-android,72.0,2
https://github.com/VincentAudibert/CanIDrive.git,VincentAudibert/CanIDrive,0.0,0
https://github.com/caarmen/nounours-android.git,caarmen/nounours-android,57.0,1
https://github.com/VivekThazhathattil/dekadico.git,VivekThazhathattil/dekadico,8.0,2
https://github.com/arpruss/simplestopwatch.git,arpruss/simplestopwatch,18.0,0
https://github.com/pjuu/droidotter.git,pjuu/droidotter,1.0,0
https://github.com/seoulcodingcafe/IsMyWebsiteUp.git,seoulcodingcafe/IsMyWebsiteUp,39.0,0
https://github.com/renyuneyun/ColorSniffer.git,renyuneyun/ColorSniffer,0.0,0
https://github.com/bibledit/android.git,bibledit/android,1.0,8
https://github.com/EmmanuelMess/ItsDicey.git,EmmanuelMess/ItsDicey,0.0,0
https://github.com/decred/dcraddrscanner.git,decred/dcraddrscanner,0.0,0
https://github.com/akvo/akvo-rsr-up.git,akvo/akvo-rsr-up,61.0,0
https://github.com/phrogg/BatteryCalibrator.git,phrogg/BatteryCalibrator,7.0,2
https://github.com/HassanHeydariNasab/atop-react-native.git,HassanHeydariNasab/atop-react-native,2.0,0
https://github.com/HassanHeydariNasab/2-player-battle.git,HassanHeydariNasab/2-player-battle,0.0,0
https://github.com/mrieker/WairToNow.git,mrieker/WairToNow,135.0,0
https://github.com/xvzan/SimpleMoneyTracker.git,xvzan/SimpleMoneyTracker,28.0,2
https://github.com/mrksbrg/RacketGhost.git,mrksbrg/RacketGhost,14.0,1
https://github.com/xvello/salasana-android.git,xvello/salasana-android,4.0,0
https://github.com/20Nick/OPMT.git,20Nick/OPMT,9.0,2
https://github.com/mueller-ma/TabletopTools.git,mueller-ma/TabletopTools,0.0,0
https://github.com/Rudloff/lineageos-updater-shortcut.git,Rudloff/lineageos-updater-shortcut,2.0,0
https://github.com/woffs/tazapp-android.git,woffs/tazapp-android,157.0,0
https://github.com/UnifiedPush/android-example.git,UnifiedPush/android-example,0.0,0
https://github.com/marv42/EbtNewNote.git,marv42/EbtNewNote,50.0,1
https://github.com/Webierta/ahorcandroid.git,Webierta/ahorcandroid,1.0,0
https://github.com/VivekThazhathattil/Chalachithram.git,VivekThazhathattil/Chalachithram,10.0,2
https://github.com/nicolasbrailo/VlcFreemote.git,nicolasbrailo/VlcFreemote,38.0,0
https://github.com/tycrek/lametric-notify-plus.git,tycrek/lametric-notify-plus,7.0,2
https://github.com/pterodactylus42/ccgt.git,pterodactylus42/ccgt,138.0,3
https://github.com/pretix/pretixprint-android.git,pretix/pretixprint-android,46.0,0
https://github.com/grmpl/StepandHeightcounter.git,grmpl/StepandHeightcounter,9.0,2
https://github.com/jfcolom/rosary.git,jfcolom/rosary,41.0,0
https://github.com/odrevet/kingdomino_score.git,odrevet/kingdomino_score,1.0,0
https://github.com/soumikshah/Plutus-InvestmentTracker.git,soumikshah/Plutus-InvestmentTracker,6.0,2
https://github.com/obfusk/nl-covid19-coronacheck-app-android.git,obfusk/nl-covid19-coronacheck-app-android,0.0,0
https://github.com/baturkey/Balance-the-Ball.git,baturkey/Balance-the-Ball,2.0,0
https://github.com/francoisfds/BikeSharingHub.git,francoisfds/BikeSharingHub,24.0,0
https://github.com/encointer/encointer-wallet-flutter.git,encointer/encointer-wallet-flutter,0.0,0
https://github.com/eoineoineoin/ecwt.git,eoineoineoin/ecwt,0.0,0
https://github.com/Mystro256/autooffbluetooth.git,Mystro256/autooffbluetooth,4.0,2
https://github.com/Amerlander/Calliope-Android-App.git,Amerlander/Calliope-Android-App,48.0,1
https://github.com/ATryder/HIIT.git,ATryder/HIIT,6.0,2
https://github.com/Px3XjG6P/NetflixtoIMDb.git,Px3XjG6P/NetflixtoIMDb,1.0,0
https://github.com/NathanielMotus/Cavevin.git,NathanielMotus/Cavevin,17.0,0
https://github.com/xavier-gz/singal.git,xavier-gz/singal,5.0,2
https://github.com/cetoolbox/cetoolbox.git,cetoolbox/cetoolbox,10.0,0
https://github.com/Webierta/call-counter.git,Webierta/call-counter,0.0,0
https://github.com/collideorscopeapps/codename_hippopotamos.git,collideorscopeapps/codename_hippopotamos,41.0,16
https://github.com/yardenac/comaphone.git,yardenac/comaphone,0.0,0
https://github.com/De7vID/klingon-assistant-android.git,De7vID/klingon-assistant-android,19.0,3
https://github.com/evilrobot69/code.git,evilrobot69/code,29.0,0
https://github.com/gelin/send-to-sd.git,gelin/send-to-sd,69.0,7
https://github.com/rsteube/t4-launcher.git,rsteube/t4-launcher,0.0,0
https://github.com/jithware/brethap.git,jithware/brethap,0.0,0
https://github.com/seoulcodingcafe/Installalogs.git,seoulcodingcafe/Installalogs,29.0,0
https://github.com/siggel/coordinatejoker.git,siggel/coordinatejoker,33.0,3
https://github.com/ThaChillera/CardScore.git,ThaChillera/CardScore,34.0,5
https://github.com/woheller69/eggtimer.git,woheller69/eggtimer,8.0,2
https://github.com/Viatorus/neo2-external-keyboard.git,Viatorus/neo2-external-keyboard,2.0,0
https://github.com/bossly/uaTranslit.git,bossly/uaTranslit,0.0,0
https://github.com/scoutant/rpn.git,scoutant/rpn,1.0,1
https://github.com/diblui/fullcolemak.git,diblui/fullcolemak,1.0,0
https://github.com/DJAndries/portknocker-android.git,DJAndries/portknocker-android,0.0,0
https://github.com/JonasBernard/TU-Darmstadt-Moodle-Wrapper.git,JonasBernard/TU-Darmstadt-Moodle-Wrapper,3.0,2
https://github.com/hallogallo/totalog.git,hallogallo/totalog,0.0,0
https://github.com/HashEngineeringSolutions/dash-wallet.git,HashEngineeringSolutions/dash-wallet,206.0,8
https://github.com/HenriDellal/weather-overview.git,HenriDellal/weather-overview,9.0,2
https://github.com/andrewshadura/soundbored.git,andrewshadura/soundbored,0.0,0
https://github.com/niccokunzmann/HanumanChalisa.git,niccokunzmann/HanumanChalisa,19.0,0
https://github.com/ailin-nemui/Primary.git,ailin-nemui/Primary,35.0,0
